Workbook
Name data: #REF!
Name data: #REF!
Name data: #REF!
Name data: #REF!
Name data: #REF!
Name data: #REF!
Name data: #REF!
Name data: #REF!
Name data: #REF!
Name data: #REF!
Name data: #REF!
Name data: #REF!
Name data: #REF!
Name data: #REF!
Name data: #REF!
Name data: #REF!
Name data: #REF!
Name data: #REF!
Name Data1: #REF!
Name Data1: #REF!
Name Data1: #REF!
Name Data1: #REF!
Name Data1: #REF!
Name Data1: #REF!
Name Data1: #REF!
Name Data1: #REF!
Name Data1: #REF!
Name Data1: #REF!
Name Data1: #REF!
Name Data1: #REF!
Name Data1: #REF!
Name Data1: #REF!
Name Data1: #REF!
Name Data1: #REF!
Name Data1: #REF!
Name Data1: #REF!
Name test: #REF!
Name test: #REF!
Name test: #REF!
Name test: #REF!
Name test: #REF!
Name test: #REF!
Name test: #REF!
Name test: #REF!
Name test: #REF!
Name test: #REF!
Name test: #REF!
Name test: #REF!
Name test: #REF!
Name test: #REF!
Name test: #REF!
Name test: #REF!
Name test: #REF!
Name test: #REF!
Name test1: #REF!
Name test1: #REF!
Name test1: #REF!
Name test1: #REF!
Name test1: #REF!
Name test1: #REF!

Sheet Index
A1: Victorian Population Health Survey | C1: Change vs 2015
A2: Time series data 20015-17 | C2: 2016 | F2: 2017
A3: Selected risk factors and chronic diseases | C3: M | D3: F | E3: P | F3: M | G3: F | H3: P
A4: 1 | B4: =BMI!A1 -> Proportion (%) of adult population (18+ years), by body mass index a category and sex, Victoria, 2015-17 | C4: ù | D4: ù | E4: ù | F4: ù | G4: ù | H4: ù
A5: 2 | B5: ='Physical activity'!A1 -> Proportion (%) of adult population (18+ years), by compliance with physical activity guidelinesa, by sex, Victoria, 2015-17 | C5: ù | D5: ù | E5: ù | F5: R | G5: ù | H5: R
A6: 3 | B6: ='Fruit & Veg'!A1 -> Proportion (%) of adult population (18+ years), by compliance with fruit and vegetable consumption guidelinesa and sex, Victoria, 2015-17 | C6: ù | D6: Q | E6: ù | F6: ù | G6: ù | H6: ù
A7: 4 | B7: ='Current smoking'!A1 -> Proportion (%) of adult population (18+ years), by smoking status and sex, Victoria, 2015-17 | C7: ù | D7: ù | E7: ù | F7: ù | G7: R | H7: R
A8: 5 | B8: ='Daily & occasional smoking'!A1 -> Proportion (%) of adult population (18+ years), by smoking frequency and sex, Victoria, 2015-17 | C8: ù | D8: ù | E8: ù | F8: ù | G8: ù | H8: ù
A9: 6 | B9: ='Alcohol lifetime risk'!A1 -> Proportion (%) of adult population (18+ years), by lifetime risk of alcohol-related harmb and sex, Victoria, 2015-17 | C9: ù | D9: ù | E9: ù | F9: ù | G9: ù | H9: ù
A10: 7 | B10: ='Alcohol injury risk'!A1 -> Proportion (%) of adult population (18+ years), by risk of alcohol-related injury from a single occasion of drinkinga and sex, Victoria, 2015-17 | C10: ù | D10: ù | E10: ù | F10: ù | G10: ù | H10: ù
A11: 8 | B11: ='Self-reported health'!A1 -> Proportion (%) of adult population (18+ years), by self-reported health status and sex, Victoria, 2015-17 | C11: ù | D11: ù | E11: ù | F11: ù | G11: ù | H11: ù
A12: 9 | B12: ='Life satisfaction'!A1 -> Proportion (%) of adult population (18+ years), by life-satisfaction and sex, Victoria, 2015-17 | C12: ù | D12: ù | E12: ù | F12: ù | G12: ù | H12: ù
A13: 10 | B13: ='Life worthwhile'!A1 -> Proportion (%) of adult population (18+ years), by feeling of life being worthwhile and sex, Victoria, 2015-17 | C13: ù | D13: ù | E13: ù | F13: ù | G13: ù | H13: ù
A14: 11 | B14: ='Psychological distress'!A1 -> Proportion (%) of adult population (18+ years), by level of psychological distressa and sex, Victoria, 2015-17 | C14: ù | D14: ù | E14: R | F14: ù | G14: ù | H14: ù
A15: 12 | B15: ='High & v high psych distress'!A1 -> Proportion (%) of adult population (18+ years), with high or very high levels of psychological distressa, by sex, Victoria, 2015-17 | C15: ù | D15: ù | E15: ù | F15: ù | G15: ù | H15: ù
A16: 13 | B16: ='High blood pressure'!A1 -> Proportion (%) of adult population (18+ years), diagnosed with high blood pressure ever, by sex, Victoria, 2015-17 | C16: ù | D16: ù | E16: ù | F16: ù | G16: ù | H16: ù
A17: 14 | B17: ='Morbidity status'!A1 -> Proportion (%) of adult population (18+ years), diagnosed with chronic diseasea, by sex, Victoria, 2016-17 | C17: ù | D17: R | E17: R | F17: ù | G17: ù | H17: ù
A18: 15 | B18: ='Chronic disease -1'!A1 -> Proportion (%) of adult population (18+ years), ever diagnosed with types and type 2 diabetes, heart disease and stroke, by sex, Victoria, 2015-17 | C18: ù | D18: ù | E18: ù | F18: ù | G18: ù | H18: ù
A19: 16 | B19: ='Chronic disease - 2'!A1 -> Proportion (%) of adult population (18+ years), ever diagnosed with cancer, osteoporosis, anxiety or depression and arthritis, by sex, Victoria, 2015-17 | C19: ù | D19: ù | E19: Q | F19: ù | G19: Q | H19: Q
A20: Local Government Area snapshot
B21: Age-adjusted proportion (%) of adults (18+ years), with selected risk factors, chronic disease and screening tests, by local government area, Victoria, 2017
C23: ù | D23: No change
C24: R | D24: Better outcome
C25: Q | D25: Worse outcome
C26: M | D26: Males
C27: F | D27: Females
C28: P | D28: People

Sheet LGA snapshot
D1: 2017 Victorian Population Health Survey
D2: Proportion (%) of adults (18+ years), with selected risk factors, chronic disease and screening tests, by local government area, Victoria, 2017
D3: Modifiable risk factorsa | CW3: Doctor diagnosed chronic diseasea | EZ3: Screening tests and treatmenta, b
A4: Local Government Area | D4: Obese | F4: OB_LL_2017 | G4: OB_UL_2017 | H4: OB_SE_2017 | I4: OB_RSE_2017 | J4: Overweight | L4: OW_LL_2017 | M4: OW_UL_2017 | N4: OW_SE_2017 | O4: OW_RSE_2017 | P4: Daily consumer of sugar sweetened soft drinks | R4: SSB_LL_2017 | S4: SSB_UL_2017 | T4: SSB_SE_2017 | U4: SSB_RSE_ | V4: Take-away food consumed > 1 day/week | X4: TA_LL_2017 | Y4: TA_UL_2017 | Z4: TA_SE_2017 | AA4: TA_RSE_2017 | AB4: Sedentary (inactive) | AD4: SED_LL_2017 | AE4: SED_UL_2017 | AF4: SED_SE_2017 | AG4: SED_RSE_2017 | AH4: Insufficiently physically active | AJ4: INSUF_LL_2017 | AK4: INSUF_UL_2017 | AL4: INSUF_SE_2017 | AM4: INSUF_RSE_2017 | AN4: Complied with vegetable consumption guidelines | AP4: veg_13_LL_2017 | AQ4: veg_13_UL_2017 | AR4: veg_13_SE_2017 | AS4: veg_13_RSE_2017 | AT4: Complied with fruit consumption guidelines | AV4: frt_13_LL_2017 | AW4: frt_13_UL_2017 | AX4: frt_13_SE_2017 | AY4: frt_13_RSE_2017 | AZ4: Daily smoker | BB4: daily_smoker_LL_2017 | BC4: daily_smoker_UL_2017 | BD4: daily_smoker_SE_2017 | BE4: daily_smoker_RSE_2017 | BF4: Current (i.e. daily or occasional) smoker | BH4: smoker_LL_2017 | BI4: smoker_UL_2017 | BJ4: smoker_SE_2017 | BK4: smoker_RSE_2017 | BL4: Increased lifetime risk of alcohol-related harm | BN4: alc_lt09_LL_2017 | BO4: alc_lt09_UL_2017 | BP4: alc_lt09_SE_2017 | BQ4: alc_lt09_RSE_2017 | BR4: Increased risk of injury from a single occasion of drinking | BT4: alc_so09_LL_2017 | BU4: alc_so09_UL_2017 | BV4: alc_so09_SE_2017 | BW4: alc_so09_RSE_2017 | BX4: Fair or poor self-reported health | BZ4: srh_LL_2017 | CA4: srh_UL_2017 | CB4: srh_SE_2017 | CC4: srh_RSE_2017 | CD4: Low or medium life satisfaction | CF4: sat_cat2_LL_2017 | CG4: sat_cat2_UL_2017 | CH4: sat_cat2_SE_2017 | CI4: sat_cat2_RSE_2017 | CJ4: High, or very high, levels of psychological distress | CL4: k10scr3_LL_2017 | CM4: k10scr3_UL_2017 | CN4: k10scr3_SE_2017 | CO4: k10scr3_RSE_2017 | CP4: Doctor diagnosed hypertension | CR4: highbp_LL_2017 | CS4: highbp_UL_2017 | CT4: highbp_SE_2017 | CU4: highbp_RSE | CW4: Anxiety or depression | CY4: depression_LL_2017 | CZ4: depression_UL_2017 | DA4: depression_SE_2017 | DB4: depression_RSE_2017 | DC4: Arthritis | DE4: arthritis_LL_2017 | DF4: arthritis_UL_2017 | DG4: arthritis_SE_2017 | DH4: arthritis_RSE_2017 | DI4: Asthma (ever diagnosed) | DK4: asthma_LL_2017 | DL4: asthma_UL_2017 | DM4: asthma_SE_2017 | DN4: asthma_RSE_2017 | DO4: Cancer | DQ4: cancer_LL_2017 | DR4: cancer_UL_2017 | DS4: cancer_SE_2017 | DT4: cancer_RSE_2017 | DU4: Type 2 diabetes | DW4: type2_dm_LL_2017 | DX4: type2_dm_UL_2017 | DY4: type2_dm_SE_2017 | DZ4: type2_dm_RSE | EA4: Heart disease | EC4: heart_LL_2017 | ED4: heart_UL_2017 | EE4: heart_SE_2017 | EF4: heart_RSE_2017 | EG4: Osteoporosis | EI4: osteoporosis_LL_2017 | EJ4: osteoporosis_UL_2017 | EK4: osteoporosis_SE_2017 | EL4: osteoporosis_RSE_2017 | EM4: Stroke | EO4: stroke_LL_2017 | EP4: stroke_UL_2017 | EQ4: stroke_SE_2017 | ER4: stroke_RSE_2017 | ES4: Two, or more, chronic diseases | EU4: multimorb_LL_2017 | EV4: multimorb_UL_2017 | EW4: multimorb_SE_2017 | EX4: multimorb_RSE_2017 | EZ4: Had a blood-lipids test in last 2 yearsa | FB4: chol_chk_LL_2017 | FC4: chol_chk_UL_2017 | FD4: chol_chk_SE_2017 | FE4: chol_chk_RSE | FF4: Had a blood-pressure test in last 2 yearsa | FH4: bp_chk_LL_2017 | FI4: bp_chk_UL_2017 | FJ4: bp_chk_SE_2017 | FK4: bp_chk_RSE | FL4: Had a blood-glucose test in last 2 yearsa | FN4: diab_chk_LL_2017 | FO4: diab_chk_UL_2017 | FP4: diab_chk_SE_2017 | FQ4: diab_chk_RSE | FR4: Had a faecal occult blood test (50+ years of age)b | FT4: fobt_LL_2017 | FU4: fobt_UL_2017 | FV4: fobt_SE_2017 | FW4: fobt_RSE | FX4: Had a bowel exam to detect cancer (last 5 years)b | FZ4: bwlexm_LL_2017 | GA4: bwlexm_UL_2017 | GB4: bwlexm_SE_2017 | GC4: bwlexm_RSE | GD4: Had a mammogram to detect cancer in last 2 yearsb | GF4: mgrm2yrs_LL_2017 | GG4: mgrm2yrs_UL_2017 | GH4: mgrm2yrs_SE_2017 | GI4: mgrm2yrs_RSE | GJ4: Sought help for a mental health related problemb | GL4: mh_prob_LL_2017 | GM4: mh_prob_UL_2017 | GN4: mh_prob_SE_2017 | GO4: mh_prob_RSE
A5: Victoria | D5: 19.26897 | E5: =IF(I5>25,"*",IF(I5>50,"**","")) | F5: 18.58293 | G5: 19.97411 | H5: 0.354879 | I5: =H5/D5*100 -> 1.8417123 | J5: 50.80429 | K5: =IF(O5>25,"*",IF(O5>50,"**","")) | L5: 49.90919 | M5: 51.69888 | N5: 0.456592 | O5: =N5/J5*100 -> 0.89872725 | P5: 10.09867 | Q5: =IF(U5>50,"**",IF(U5>25,"*","")) | R5: 9.516874 | S5: 10.71183 | T5: 0.3047296 | U5: =T5/P5*100 -> 3.0175221 | V5: 15.2893 | W5: =IF(AA5>50,"**",IF(AA5>25,"*","")) | X5: 14.59565 | Y5: 16.00974 | Z5: 0.3606931 | AA5: =Z5/V5*100 -> 2.3591211 | AB5: 2.539791 | AC5: =IF(AG5>50,"**",IF(AG5>25,"*","")) | AD5: 2.256574 | AE5: 2.857514 | AF5: 0.1529796 | AG5: =AF5/AB5*100 -> 6.0233145 | AH5: 44.08774 | AI5: =IF(AM5>50,"**",IF(AM5>25,"*","")) | AJ5: 43.18836 | AK5: 44.99101 | AL5: 0.4598989 | AM5: =AL5/AH5*100 -> 1.0431446 | AN5: 5.388293 | AO5: =IF(AS5>50,"**",IF(AS5>25,"*","")) | AP5: 5.0284 | AQ5: 5.77238 | AR5: 0.1896708 | AS5: =AR5/AN5*100 -> 3.5200536 | AT5: 43.19355 | AU5: =IF(AY5>50,"**",IF(AY5>25,"*","")) | AV5: 42.28772 | AW5: 44.10395 | AX5: 0.4633656 | AY5: =AX5/AT5*100 -> 1.0727657 | AZ5: 12.42754 | BA5: =IF(BE5>50,"**",IF(BE5>25,"*","")) | BB5: 11.80477 | BC5: 13.0783 | BD5: 0.3248103 | BE5: =BD5/AZ5*100 -> 2.6136331 | BF5: 16.741 | BG5: =IF(BK5>50,"**",IF(BK5>25,"*","")) | BH5: 16.03742 | BI5: 17.46903 | BJ5: 0.365174 | BK5: =BJ5/BF5*100 -> 2.1813153 | BL5: 59.48907 | BM5: =IF(BQ5>50,"**",IF(BQ5>25,"*","")) | BN5: 58.59407 | BO5: 60.37781 | BP5: 0.4550752 | BQ5: =BP5/BL5*100 -> 0.76497279 | BR5: 42.98549 | BS5: =IF(BW5>50,"**",IF(BW5>25,"*","")) | BT5: 42.10708 | BU5: 43.86834 | BV5: 0.4493391 | BW5: =BV5/BR5*100 -> 1.0453274 | BX5: 20.28965 | BY5: =IF(CC5>50,"**",IF(CC5>25,"*","")) | BZ5: 19.55869 | CA5: 21.04079 | CB5: 0.3780782 | CC5: =CB5/BX5*100 -> 1.8634042 | CD5: 20.45532 | CE5: =IF(CI5>50,"**",IF(CI5>25,"*","")) | CF5: 19.69321 | CG5: 21.23913 | CH5: 0.3943577 | CI5: =CH5/CD5*100 -> 1.927898 | CJ5: 15.43 | CK5: =IF(CO5>50,"**",IF(CO5>25,"*","")) | CL5: 14.75 | CM5: 16.14 | CN5: 0.36 | CO5: =CN5/CJ5*100 -> 2.3331173 | CP5: 25.42567 | CQ5: =IF(CU5>50,"**",IF(CU5>25,"*","")) | CR5: 24.74985 | CS5: 26.11354 | CT5: 0.3478848 | CU5: =CT5/CP5*100 -> 1.3682424 | CW5: 27.36389 | CX5: =IF(DB5>50,"**",IF(DB5>25,"*","")) | CY5: 26.566 | CZ5: 28.17655 | DA5: 0.4108684 | DB5: =DA5/CW5*100 -> 1.5014985 | DC5: 20.54975 | DD5: =IF(DH5>50,"**",IF(DH5>25,"*","")) | DE5: 19.97896 | DF5: 21.13254 | DG5: 0.2942746 | DH5: =DG5/DC5*100 -> 1.4320106 | DI5: 19.9574 | DJ5: =IF(DN5>50,"**",IF(DN5>25,"*","")) | DK5: 19.24135 | DL5: 20.69326 | DM5: 0.3703749 | DN5: =DM5/DI5*100 -> 1.8558274 | DO5: 8.055676 | DP5: =IF(DT5>50,"**",IF(DT5>25,"*","")) | DQ5: 7.650898 | DR5: 8.479904 | DS5: 0.211416 | DT5: =DS5/DO5*100 -> 2.6244352 | DU5: 5.452335 | DV5: =IF(DZ5>50,"**",IF(DZ5>25,"*","")) | DW5: 5.114101 | DX5: 5.81157 | DY5: 0.1778291 | DZ5: =DY5/DU5*100 -> 3.2615219 | EA5: 6.74474 | EB5: =IF(EF5>50,"**",IF(EF5>25,"*","")) | EC5: 6.381202 | ED5: 7.127412 | EE5: 0.1902868 | EF5: =EE5/EA5*100 -> 2.8212622 | EG5: 5.669229 | EH5: =IF(EL5>50,"**",IF(EL5>25,"*","")) | EI5: 5.326293 | EJ5: 6.032838 | EK5: 0.1801491 | EL5: =EK5/EG5*100 -> 3.1776649 | EM5: 2.364184 | EN5: =IF(ER5>50,"**",IF(ER5>25,"*","")) | EO5: 2.142138 | EP5: 2.608632 | EQ5: 0.1188279 | ER5: =EQ5/EM5*100 -> 5.0261697 | ES5: 25.48854 | ET5: =IF(EX5>50,"**",IF(EX5>25,"*","")) | EU5: 24.80298 | EV5: 26.18645 | EW5: 0.3529299 | EX5: =EW5/ES5*100 -> 1.3846611 | EZ5: 56.78789 | FA5: =IF(FE5>50,"**",IF(FE5>25,"*","")) | FB5: 55.95063 | FC5: 57.62128 | FD5: 0.4262163 | FE5: =FD5/EZ5*100 -> 0.75054083 | FF5: 79.5963 | FG5: =IF(FK5>50,"**",IF(FK5>25,"*","")) | FH5: 78.80486 | FI5: 80.36555 | FJ5: 0.3981249 | FK5: =FJ5/FF5*100 -> 0.50018016 | FL5: 50.72365 | FM5: =IF(FQ5>50,"**",IF(FQ5>25,"*","")) | FN5: 49.86354 | FO5: 51.58334 | FP5: 0.438759 | FQ5: =FP5/FL5*100 -> 0.86499887 | FR5: 60.14296 | FS5: =IF(FW5>50,"**",IF(FW5>25,"*","")) | FT5: 58.76671 | FU5: 61.50336 | FV5: 0.6982467 | FW5: =FV5/FR5*100 -> 1.1609783 | FX5: 46.75256 | FY5: =IF(GC5>50,"**",IF(GC5>25,"*","")) | FZ5: 45.59576 | GA5: 47.91285 | GB5: 0.5911798 | GC5: =GB5/FX5*100 -> 1.2644865 | GD5: 79.2266 | GE5: =IF(GI5>50,"**",IF(GI5>25,"*","")) | GF5: 77.66267 | GG5: 80.70823 | GH5: 0.776826 | GI5: =GH5/GD5*100 -> 0.9805116 | GJ5: 17.56419 | GK5: =IF(GO5>50,"**",IF(GO5>25,"*","")) | GL5: 16.87218 | GM5: 18.27835 | GN5: 0.3586909 | GO5: =GN5/GJ5*100 -> 2.0421716
B6: Alpine (S) | D6: 25.61235 | E6: =IF(I6>25,"*",IF(I6>50,"**","")) | F6: 17.59607 | G6: 35.69854 | H6: 4.643873 | I6: =H6/D6*100 -> 18.131382 | J6: 58.81481 | K6: =IF(O6>25,"*",IF(O6>50,"**","")) | L6: 49.52787 | M6: 67.51378 | N6: 4.636899 | O6: =N6/J6*100 -> 7.8838969 | P6: 7.524095 | Q6: =IF(U6>50,"**",IF(U6>25,"*","")) -> * | R6: 4.354448 | S6: 12.69473 | T6: 2.061136 | U6: =T6/P6*100 -> 27.393806 | V6: 7.460271 | W6: =IF(AA6>50,"**",IF(AA6>25,"*","")) -> * | X6: 2.972728 | Y6: 17.50024 | Z6: 3.407647 | AA6: =Z6/V6*100 -> 45.677255 | AB6: 0.8657284 | AC6: =IF(AG6>50,"**",IF(AG6>25,"*","")) -> * | AD6: 0.3340208 | AE6: 2.224934 | AF6: 0.4193522 | AG6: =AF6/AB6*100 -> 48.439233 | AH6: 45.31205 | AI6: =IF(AM6>50,"**",IF(AM6>25,"*","")) | AJ6: 35.91788 | AK6: 55.05243 | AL6: 4.941543 | AM6: =AL6/AH6*100 -> 10.905583 | AN6: 8.152531 | AO6: =IF(AS6>50,"**",IF(AS6>25,"*","")) -> * | AP6: 4.425508 | AQ6: 14.5408 | AR6: 2.485937 | AS6: =AR6/AN6*100 -> 30.492825 | AT6: 40.5504 | AU6: =IF(AY6>50,"**",IF(AY6>25,"*","")) | AV6: 32.80908 | AW6: 48.79189 | AX6: 4.111033 | AY6: =AX6/AT6*100 -> 10.138082 | AZ6: 16.59514 | BA6: =IF(BE6>50,"**",IF(BE6>25,"*","")) | BB6: 10.0593 | BC6: 26.14318 | BD6: 4.067931 | BE6: =BD6/AZ6*100 -> 24.512785 | BF6: 22.05102 | BG6: =IF(BK6>50,"**",IF(BK6>25,"*","")) | BH6: 14.01752 | BI6: 32.92552 | BJ6: 4.833227 | BK6: =BJ6/BF6*100 -> 21.918383 | BL6: 67.43256 | BM6: =IF(BQ6>50,"**",IF(BQ6>25,"*","")) | BN6: 58.98698 | BO6: 74.87963 | BP6: 4.082755 | BQ6: =BP6/BL6*100 -> 6.0545751 | BR6: 53.64262 | BS6: =IF(BW6>50,"**",IF(BW6>25,"*","")) | BT6: 43.86551 | BU6: 63.14748 | BV6: 4.980804 | BW6: =BV6/BR6*100 -> 9.2851617 | BX6: 16.12919 | BY6: =IF(CC6>50,"**",IF(CC6>25,"*","")) | BZ6: 11.77921 | CA6: 21.69063 | CB6: 2.518172 | CC6: =CB6/BX6*100 -> 15.612514 | CD6: 16.51454 | CE6: =IF(CI6>50,"**",IF(CI6>25,"*","")) | CF6: 10.45807 | CG6: 25.09543 | CH6: 3.706324 | CI6: =CH6/CD6*100 -> 22.442793 | CJ6: 15.1 | CK6: =IF(CO6>50,"**",IF(CO6>25,"*","")) -> * | CL6: 8.82 | CM6: 24.64 | CN6: 3.98 | CO6: =CN6/CJ6*100 -> 26.357616 | CP6: 17.24 | CQ6: =IF(CU6>50,"**",IF(CU6>25,"*","")) | CR6: 13.94564 | CS6: 21.12156 | CT6: 1.827845 | CU6: =CT6/CP6*100 -> 10.602349 | CW6: 23.83754 | CX6: =IF(DB6>50,"**",IF(DB6>25,"*","")) | CY6: 17.63122 | CZ6: 31.39582 | DA6: 3.51917 | DB6: =DA6/CW6*100 -> 14.763143 | DC6: 20.66531 | DD6: =IF(DH6>50,"**",IF(DH6>25,"*","")) | DE6: 17.38507 | DF6: 24.38181 | DG6: 1.784651 | DH6: =DG6/DC6*100 -> 8.635975 | DI6: 17.9752 | DJ6: =IF(DN6>50,"**",IF(DN6>25,"*","")) | DK6: 12.90037 | DL6: 24.48519 | DM6: 2.947026 | DN6: =DM6/DI6*100 -> 16.394955 | DO6: 8.416611 | DP6: =IF(DT6>50,"**",IF(DT6>25,"*","")) | DQ6: 6.239715 | DR6: 11.26176 | DS6: 1.269333 | DT6: =DS6/DO6*100 -> 15.081284 | DU6: 4.417968 | DV6: =IF(DZ6>50,"**",IF(DZ6>25,"*","")) | DW6: 2.787194 | DX6: 6.934833 | DY6: 1.02888 | DZ6: =DY6/DU6*100 -> 23.288534 | EA6: 5.552991 | EB6: =IF(EF6>50,"**",IF(EF6>25,"*","")) | EC6: 4.003547 | ED6: 7.654284 | EE6: 0.9189409 | EF6: =EE6/EA6*100 -> 16.548575 | EG6: 5.877363 | EH6: =IF(EL6>50,"**",IF(EL6>25,"*","")) | EI6: 4.066907 | EJ6: 8.423011 | EK6: 1.093038 | EL6: =EK6/EG6*100 -> 18.597422 | EM6: 2.38048 | EN6: =IF(ER6>50,"**",IF(ER6>25,"*","")) -> * | EO6: 1.349114 | EP6: 4.166996 | EQ6: 0.6857067 | ER6: =EQ6/EM6*100 -> 28.805396 | ES6: 22.06043 | ET6: =IF(EX6>50,"**",IF(EX6>25,"*","")) | EU6: 18.51131 | EV6: 26.0723 | EW6: 1.929305 | EX6: =EW6/ES6*100 -> 8.7455458 | EZ6: 47.0362 | FA6: =IF(FE6>50,"**",IF(FE6>25,"*","")) | FB6: 39.24699 | FC6: 54.97251 | FD6: 4.044987 | FE6: =FD6/EZ6*100 -> 8.5997317 | FF6: 69.88124 | FG6: =IF(FK6>50,"**",IF(FK6>25,"*","")) | FH6: 60.08459 | FI6: 78.14792 | FJ6: 4.645997 | FK6: =FJ6/FF6*100 -> 6.6484181 | FL6: 45.41227 | FM6: =IF(FQ6>50,"**",IF(FQ6>25,"*","")) | FN6: 37.88599 | FO6: 53.15423 | FP6: 3.92532 | FQ6: =FP6/FL6*100 -> 8.6437432 | FR6: 66.69169 | FS6: =IF(FW6>50,"**",IF(FW6>25,"*","")) | FT6: 58.74892 | FU6: 73.78747 | FV6: 3.860874 | FW6: =FV6/FR6*100 -> 5.789138 | FX6: 50.36985 | FY6: =IF(GC6>50,"**",IF(GC6>25,"*","")) | FZ6: 43.98312 | GA6: 56.74453 | GB6: 3.273196 | GC6: =GB6/FX6*100 -> 6.4983239 | GD6: 86.21254 | GE6: =IF(GI6>50,"**",IF(GI6>25,"*","")) | GF6: 78.90009 | GG6: 91.27113 | GH6: 3.117682 | GI6: =GH6/GD6*100 -> 3.6162744 | GJ6: 14.49511 | GK6: =IF(GO6>50,"**",IF(GO6>25,"*","")) | GL6: 10.64228 | GM6: 19.43934 | GN6: 2.23247 | GO6: =GN6/GJ6*100 -> 15.401539
B7: Ararat (RC) | D7: 20.80898 | E7: =IF(I7>25,"*",IF(I7>50,"**","")) | F7: 16.1723 | G7: 26.35704 | H7: 2.59777 | I7: =H7/D7*100 -> 12.483889 | J7: 54.63037 | K7: =IF(O7>25,"*",IF(O7>50,"**","")) | L7: 46.19469 | M7: 62.80829 | N7: 4.277389 | O7: =N7/J7*100 -> 7.8296907 | P7: 14.38595 | Q7: =IF(U7>50,"**",IF(U7>25,"*","")) | R7: 8.903312 | S7: 22.41407 | T7: 3.405173 | U7: =T7/P7*100 -> 23.67013 | V7: 13.67098 | W7: =IF(AA7>50,"**",IF(AA7>25,"*","")) | X7: 8.509841 | Y7: 21.23577 | Z7: 3.204061 | AA7: =Z7/V7*100 -> 23.436952 | AB7: 2.795547 | AC7: =IF(AG7>50,"**",IF(AG7>25,"*","")) -> * | AD7: 1.083328 | AE7: 7.021854 | AF7: 1.338504 | AG7: =AF7/AB7*100 -> 47.87986 | AH7: 36.36943 | AI7: =IF(AM7>50,"**",IF(AM7>25,"*","")) | AJ7: 29.89632 | AK7: 43.37686 | AL7: 3.457956 | AM7: =AL7/AH7*100 -> 9.5078642 | AN7: 4.279253 | AO7: =IF(AS7>50,"**",IF(AS7>25,"*","")) -> * | AP7: 2.518526 | AQ7: 7.180254 | AR7: 1.145919 | AS7: =AR7/AN7*100 -> 26.778482 | AT7: 36.54699 | AU7: =IF(AY7>50,"**",IF(AY7>25,"*","")) | AV7: 29.25957 | AW7: 44.50748 | AX7: 3.91753 | AY7: =AX7/AT7*100 -> 10.719159 | AZ7: 17.22465 | BA7: =IF(BE7>50,"**",IF(BE7>25,"*","")) | BB7: 11.27334 | BC7: 25.4177 | BD7: 3.588609 | BE7: =BD7/AZ7*100 -> 20.834148 | BF7: 21.85546 | BG7: =IF(BK7>50,"**",IF(BK7>25,"*","")) | BH7: 15.51848 | BI7: 29.86535 | BJ7: 3.6631 | BK7: =BJ7/BF7*100 -> 16.760572 | BL7: 62.112 | BM7: =IF(BQ7>50,"**",IF(BQ7>25,"*","")) | BN7: 54.29123 | BO7: 69.35007 | BP7: 3.868853 | BQ7: =BP7/BL7*100 -> 6.2288334 | BR7: 48.96995 | BS7: =IF(BW7>50,"**",IF(BW7>25,"*","")) | BT7: 41.24433 | BU7: 56.74509 | BV7: 3.986328 | BW7: =BV7/BR7*100 -> 8.1403555 | BX7: 21.80474 | BY7: =IF(CC7>50,"**",IF(CC7>25,"*","")) | BZ7: 16.23385 | CA7: 28.63389 | CB7: 3.165112 | CC7: =CB7/BX7*100 -> 14.515706 | CD7: 21.63569 | CE7: =IF(CI7>50,"**",IF(CI7>25,"*","")) | CF7: 15.35362 | CG7: 29.58961 | CH7: 3.634 | CI7: =CH7/CD7*100 -> 16.796321 | CJ7: 14.68 | CK7: =IF(CO7>50,"**",IF(CO7>25,"*","")) | CL7: 9.85 | CM7: 21.31 | CN7: 2.9 | CO7: =CN7/CJ7*100 -> 19.754768 | CP7: 34.39413 | CQ7: =IF(CU7>50,"**",IF(CU7>25,"*","")) | CR7: 27.04593 | CS7: 42.57372 | CT7: 3.989187 | CU7: =CT7/CP7*100 -> 11.598453 | CW7: 35.97069 | CX7: =IF(DB7>50,"**",IF(DB7>25,"*","")) | CY7: 28.20475 | CZ7: 44.54813 | DA7: 4.203123 | DB7: =DA7/CW7*100 -> 11.684855 | DC7: 24.14882 | DD7: =IF(DH7>50,"**",IF(DH7>25,"*","")) | DE7: 20.15338 | DF7: 28.65213 | DG7: 2.169965 | DH7: =DG7/DC7*100 -> 8.9858014 | DI7: 33.93419 | DJ7: =IF(DN7>50,"**",IF(DN7>25,"*","")) | DK7: 22.14173 | DL7: 48.1251 | DM7: 6.762122 | DN7: =DM7/DI7*100 -> 19.927165 | DO7: 10.08669 | DP7: =IF(DT7>50,"**",IF(DT7>25,"*","")) | DQ7: 7.366425 | DR7: 13.66332 | DS7: 1.592137 | DT7: =DS7/DO7*100 -> 15.784534 | DU7: 4.443062 | DV7: =IF(DZ7>50,"**",IF(DZ7>25,"*","")) | DW7: 2.905345 | DX7: 6.73817 | DY7: 0.9547266 | DZ7: =DY7/DU7*100 -> 21.488032 | EA7: 7.790197 | EB7: =IF(EF7>50,"**",IF(EF7>25,"*","")) | EC7: 5.161783 | ED7: 11.59341 | EE7: 1.611419 | EF7: =EE7/EA7*100 -> 20.685215 | EG7: 5.302834 | EH7: =IF(EL7>50,"**",IF(EL7>25,"*","")) | EI7: 3.856329 | EJ7: 7.251001 | EK7: 0.8549059 | EL7: =EK7/EG7*100 -> 16.121679 | EM7: 1.722604 | EN7: =IF(ER7>50,"**",IF(ER7>25,"*","")) -> * | EO7: 1.025086 | EP7: 2.88093 | EQ7: 0.4544335 | ER7: =EQ7/EM7*100 -> 26.380613 | ES7: 34.25206 | ET7: =IF(EX7>50,"**",IF(EX7>25,"*","")) | EU7: 27.81072 | EV7: 41.33114 | EW7: 3.467431 | EX7: =EW7/ES7*100 -> 10.123277 | EZ7: 46.74135 | FA7: =IF(FE7>50,"**",IF(FE7>25,"*","")) | FB7: 41.09849 | FC7: 52.46883 | FD7: 2.913089 | FE7: =FD7/EZ7*100 -> 6.2323596 | FF7: 77.39081 | FG7: =IF(FK7>50,"**",IF(FK7>25,"*","")) | FH7: 67.69198 | FI7: 84.83053 | FJ7: 4.381954 | FK7: =FJ7/FF7*100 -> 5.6621116 | FL7: 45.81465 | FM7: =IF(FQ7>50,"**",IF(FQ7>25,"*","")) | FN7: 38.76929 | FO7: 53.03145 | FP7: 3.663038 | FQ7: =FP7/FL7*100 -> 7.9953421 | FR7: 68.6111 | FS7: =IF(FW7>50,"**",IF(FW7>25,"*","")) | FT7: 61.20288 | FU7: 75.17845 | FV7: 3.583504 | FW7: =FV7/FR7*100 -> 5.2229217 | FX7: 54.20967 | FY7: =IF(GC7>50,"**",IF(GC7>25,"*","")) | FZ7: 47.62821 | GA7: 60.64741 | GB7: 3.339932 | GC7: =GB7/FX7*100 -> 6.1611369 | GD7: 73.82013 | GE7: =IF(GI7>50,"**",IF(GI7>25,"*","")) | GF7: 63.95145 | GG7: 81.7578 | GH7: 4.568526 | GI7: =GH7/GD7*100 -> 6.1887266 | GJ7: 17.90312 | GK7: =IF(GO7>50,"**",IF(GO7>25,"*","")) | GL7: 13.32753 | GM7: 23.62146 | GN7: 2.619923 | GO7: =GN7/GJ7*100 -> 14.633891
B8: Ballarat (C) | D8: 23.55693 | E8: =IF(I8>25,"*",IF(I8>50,"**","")) | F8: 18.92226 | G8: 28.92183 | H8: 2.553575 | I8: =H8/D8*100 -> 10.840016 | J8: 51.83049 | K8: =IF(O8>25,"*",IF(O8>50,"**","")) | L8: 45.93428 | M8: 57.67615 | N8: 3.009183 | O8: =N8/J8*100 -> 5.8058162 | P8: 11.15708 | Q8: =IF(U8>50,"**",IF(U8>25,"*","")) | R8: 7.701639 | S8: 15.89585 | T8: 2.06737 | U8: =T8/P8*100 -> 18.529669 | V8: 16.68413 | W8: =IF(AA8>50,"**",IF(AA8>25,"*","")) | X8: 12.42713 | Y8: 22.03251 | Z8: 2.442537 | AA8: =Z8/V8*100 -> 14.639882 | AB8: 2.17171 | AC8: =IF(AG8>50,"**",IF(AG8>25,"*","")) -> * | AD8: 0.8957951 | AE8: 5.170149 | AF8: 0.9739316 | AG8: =AF8/AB8*100 -> 44.846301 | AH8: 49.35948 | AI8: =IF(AM8>50,"**",IF(AM8>25,"*","")) | AJ8: 43.33465 | AK8: 55.40298 | AL8: 3.093677 | AM8: =AL8/AH8*100 -> 6.267645 | AN8: 6.896079 | AO8: =IF(AS8>50,"**",IF(AS8>25,"*","")) | AP8: 4.367997 | AQ8: 10.72328 | AR8: 1.583612 | AS8: =AR8/AN8*100 -> 22.963948 | AT8: 51.25347 | AU8: =IF(AY8>50,"**",IF(AY8>25,"*","")) | AV8: 45.15735 | AW8: 57.31252 | AX8: 3.116152 | AY8: =AX8/AT8*100 -> 6.0798849 | AZ8: 13.48872 | BA8: =IF(BE8>50,"**",IF(BE8>25,"*","")) | BB8: 9.852652 | BC8: 18.19581 | BD8: 2.115219 | BE8: =BD8/AZ8*100 -> 15.681392 | BF8: 15.70825 | BG8: =IF(BK8>50,"**",IF(BK8>25,"*","")) | BH8: 11.78666 | BI8: 20.62949 | BJ8: 2.24746 | BK8: =BJ8/BF8*100 -> 14.307514 | BL8: 62.79705 | BM8: =IF(BQ8>50,"**",IF(BQ8>25,"*","")) | BN8: 56.43764 | BO8: 68.74225 | BP8: 3.153588 | BQ8: =BP8/BL8*100 -> 5.0218728 | BR8: 45.90964 | BS8: =IF(BW8>50,"**",IF(BW8>25,"*","")) | BT8: 39.81546 | BU8: 52.12868 | BV8: 3.156983 | BW8: =BV8/BR8*100 -> 6.8765144 | BX8: 22.4397 | BY8: =IF(CC8>50,"**",IF(CC8>25,"*","")) | BZ8: 17.70601 | CA8: 28.00823 | CB8: 2.62987 | CC8: =CB8/BX8*100 -> 11.71972 | CD8: 20.50742 | CE8: =IF(CI8>50,"**",IF(CI8>25,"*","")) | CF8: 15.8452 | CG8: 26.11573 | CH8: 2.619189 | CI8: =CH8/CD8*100 -> 12.771909 | CJ8: 17.94 | CK8: =IF(CO8>50,"**",IF(CO8>25,"*","")) | CL8: 13.55 | CM8: 23.38 | CN8: 2.5 | CO8: =CN8/CJ8*100 -> 13.93534 | CP8: 23.84817 | CQ8: =IF(CU8>50,"**",IF(CU8>25,"*","")) | CR8: 19.69253 | CS8: 28.56879 | CT8: 2.266372 | CU8: =CT8/CP8*100 -> 9.5033372 | CW8: 36.18317 | CX8: =IF(DB8>50,"**",IF(DB8>25,"*","")) | CY8: 30.50127 | CZ8: 42.27961 | DA8: 3.01729 | DB8: =DA8/CW8*100 -> 8.3389322 | DC8: 21.04778 | DD8: =IF(DH8>50,"**",IF(DH8>25,"*","")) | DE8: 17.99055 | DF8: 24.46952 | DG8: 1.652752 | DH8: =DG8/DC8*100 -> 7.8523816 | DI8: 23.99121 | DJ8: =IF(DN8>50,"**",IF(DN8>25,"*","")) | DK8: 18.93611 | DL8: 29.89808 | DM8: 2.800443 | DN8: =DM8/DI8*100 -> 11.672788 | DO8: 9.755573 | DP8: =IF(DT8>50,"**",IF(DT8>25,"*","")) | DQ8: 7.412131 | DR8: 12.73799 | DS8: 1.34911 | DT8: =DS8/DO8*100 -> 13.829121 | DU8: 4.015668 | DV8: =IF(DZ8>50,"**",IF(DZ8>25,"*","")) | DW8: 2.723597 | DX8: 5.883621 | DY8: 0.7897898 | DZ8: =DY8/DU8*100 -> 19.667707 | EA8: 8.25598 | EB8: =IF(EF8>50,"**",IF(EF8>25,"*","")) | EC8: 6.18522 | ED8: 10.93917 | EE8: 1.202198 | EF8: =EE8/EA8*100 -> 14.561542 | EG8: 5.221105 | EH8: =IF(EL8>50,"**",IF(EL8>25,"*","")) | EI8: 3.600997 | EJ8: 7.513298 | EK8: 0.9807143 | EL8: =EK8/EG8*100 -> 18.783654 | EM8: 2.154139 | EN8: =IF(ER8>50,"**",IF(ER8>25,"*","")) -> * | EO8: 1.145858 | EP8: 4.013619 | EQ8: 0.6898295 | ER8: =EQ8/EM8*100 -> 32.023444 | ES8: 27.38312 | ET8: =IF(EX8>50,"**",IF(EX8>25,"*","")) | EU8: 23.24987 | EV8: 31.94532 | EW8: 2.221627 | EX8: =EW8/ES8*100 -> 8.1131259 | EZ8: 46.84044 | FA8: =IF(FE8>50,"**",IF(FE8>25,"*","")) | FB8: 41.82434 | FC8: 51.92121 | FD8: 2.584457 | FE8: =FD8/EZ8*100 -> 5.5175763 | FF8: 78.89218 | FG8: =IF(FK8>50,"**",IF(FK8>25,"*","")) | FH8: 73.02104 | FI8: 83.76964 | FJ8: 2.742066 | FK8: =FJ8/FF8*100 -> 3.4757133 | FL8: 43.51482 | FM8: =IF(FQ8>50,"**",IF(FQ8>25,"*","")) | FN8: 38.32386 | FO8: 48.85198 | FP8: 2.695508 | FQ8: =FP8/FL8*100 -> 6.1944597 | FR8: 67.96301 | FS8: =IF(FW8>50,"**",IF(FW8>25,"*","")) | FT8: 59.44753 | FU8: 75.42942 | FV8: 4.105294 | FW8: =FV8/FR8*100 -> 6.0404829 | FX8: 48.68154 | FY8: =IF(GC8>50,"**",IF(GC8>25,"*","")) | FZ8: 41.87761 | GA8: 55.53468 | GB8: 3.505717 | GC8: =GB8/FX8*100 -> 7.2013272 | GD8: 74.49493 | GE8: =IF(GI8>50,"**",IF(GI8>25,"*","")) | GF8: 62.34579 | GG8: 83.7461 | GH8: 5.50163 | GI8: =GH8/GD8*100 -> 7.3852408 | GJ8: 21.30979 | GK8: =IF(GO8>50,"**",IF(GO8>25,"*","")) | GL8: 16.78484 | GM8: 26.66372 | GN8: 2.520404 | GO8: =GN8/GJ8*100 -> 11.827446
B9: Banyule (C) | D9: 18.49581 | E9: =IF(I9>25,"*",IF(I9>50,"**","")) | F9: 14.27837 | G9: 23.61578 | H9: 2.378471 | I9: =H9/D9*100 -> 12.859513 | J9: 49.25548 | K9: =IF(O9>25,"*",IF(O9>50,"**","")) | L9: 43.28711 | M9: 55.24515 | N9: 3.065131 | O9: =N9/J9*100 -> 6.2229238 | P9: 7.32531 | Q9: =IF(U9>50,"**",IF(U9>25,"*","")) | R9: 4.802494 | S9: 11.01998 | T9: 1.555343 | U9: =T9/P9*100 -> 21.232453 | V9: 18.19952 | W9: =IF(AA9>50,"**",IF(AA9>25,"*","")) | X9: 13.72904 | Y9: 23.72536 | Z9: 2.545165 | AA9: =Z9/V9*100 -> 13.984792 | AB9: 2.77727 | AC9: =IF(AG9>50,"**",IF(AG9>25,"*","")) -> * | AD9: 1.316464 | AE9: 5.764365 | AF9: 1.048947 | AG9: =AF9/AB9*100 -> 37.768996 | AH9: 40.5342 | AI9: =IF(AM9>50,"**",IF(AM9>25,"*","")) | AJ9: 34.79789 | AK9: 46.54114 | AL9: 3.009007 | AM9: =AL9/AH9*100 -> 7.4233783 | AN9: 6.648588 | AO9: =IF(AS9>50,"**",IF(AS9>25,"*","")) | AP9: 4.490375 | AQ9: 9.73834 | AR9: 1.315146 | AS9: =AR9/AN9*100 -> 19.780832 | AT9: 48.36966 | AU9: =IF(AY9>50,"**",IF(AY9>25,"*","")) | AV9: 42.46829 | AW9: 54.31685 | AX9: 3.036789 | AY9: =AX9/AT9*100 -> 6.278293 | AZ9: 10.48191 | BA9: =IF(BE9>50,"**",IF(BE9>25,"*","")) | BB9: 6.983475 | BC9: 15.44197 | BD9: 2.127657 | BE9: =BD9/AZ9*100 -> 20.298371 | BF9: 13.63934 | BG9: =IF(BK9>50,"**",IF(BK9>25,"*","")) | BH9: 9.758979 | BI9: 18.74217 | BJ9: 2.275972 | BK9: =BJ9/BF9*100 -> 16.686819 | BL9: 63.75273 | BM9: =IF(BQ9>50,"**",IF(BQ9>25,"*","")) | BN9: 58.19396 | BO9: 68.96653 | BP9: 2.757743 | BQ9: =BP9/BL9*100 -> 4.3256861 | BR9: 48.17655 | BS9: =IF(BW9>50,"**",IF(BW9>25,"*","")) | BT9: 42.59929 | BU9: 53.79961 | BV9: 2.869195 | BW9: =BV9/BR9*100 -> 5.9555842 | BX9: 16.27499 | BY9: =IF(CC9>50,"**",IF(CC9>25,"*","")) | BZ9: 12.5774 | CA9: 20.80096 | CB9: 2.092171 | CC9: =CB9/BX9*100 -> 12.855129 | CD9: 17.84407 | CE9: =IF(CI9>50,"**",IF(CI9>25,"*","")) | CF9: 13.73247 | CG9: 22.8605 | CH9: 2.324181 | CI9: =CH9/CD9*100 -> 13.024949 | CJ9: 11.49 | CK9: =IF(CO9>50,"**",IF(CO9>25,"*","")) | CL9: 8.03 | CM9: 16.17 | CN9: 2.05 | CO9: =CN9/CJ9*100 -> 17.841601 | CP9: 21.07545 | CQ9: =IF(CU9>50,"**",IF(CU9>25,"*","")) | CR9: 17.95455 | CS9: 24.57633 | CT9: 1.689194 | CU9: =CT9/CP9*100 -> 8.0149843 | CW9: 28.39732 | CX9: =IF(DB9>50,"**",IF(DB9>25,"*","")) | CY9: 23.34327 | CZ9: 34.05943 | DA9: 2.740695 | DB9: =DA9/CW9*100 -> 9.6512453 | DC9: 16.8723 | DD9: =IF(DH9>50,"**",IF(DH9>25,"*","")) | DE9: 13.96163 | DF9: 20.24699 | DG9: 1.601292 | DH9: =DG9/DC9*100 -> 9.4906563 | DI9: 24.08901 | DJ9: =IF(DN9>50,"**",IF(DN9>25,"*","")) | DK9: 19.29941 | DL9: 29.63084 | DM9: 2.639007 | DN9: =DM9/DI9*100 -> 10.955232 | DO9: 7.186332 | DP9: =IF(DT9>50,"**",IF(DT9>25,"*","")) | DQ9: 5.300678 | DR9: 9.674259 | DS9: 1.104118 | DT9: =DS9/DO9*100 -> 15.364138 | DU9: 4.595943 | DV9: =IF(DZ9>50,"**",IF(DZ9>25,"*","")) | DW9: 3.088185 | DX9: 6.788276 | DY9: 0.9245114 | DZ9: =DY9/DU9*100 -> 20.115815 | EA9: 5.458917 | EB9: =IF(EF9>50,"**",IF(EF9>25,"*","")) | EC9: 3.890657 | ED9: 7.60927 | EE9: 0.9350698 | EF9: =EE9/EA9*100 -> 17.129218 | EG9: 3.465762 | EH9: =IF(EL9>50,"**",IF(EL9>25,"*","")) | EI9: 2.325733 | EJ9: 5.135231 | EK9: 0.7009308 | EL9: =EK9/EG9*100 -> 20.224435 | EM9: 1.754683 | EN9: =IF(ER9>50,"**",IF(ER9>25,"*","")) -> * | EO9: 0.8762975 | EP9: 3.482614 | EQ9: 0.6185146 | ER9: =EQ9/EM9*100 -> 35.249364 | ES9: 24.33578 | ET9: =IF(EX9>50,"**",IF(EX9>25,"*","")) | EU9: 19.81854 | EV9: 29.50379 | EW9: 2.473724 | EX9: =EW9/ES9*100 -> 10.164967 | EZ9: 58.47286 | FA9: =IF(FE9>50,"**",IF(FE9>25,"*","")) | FB9: 53.04412 | FC9: 63.70345 | FD9: 2.729213 | FE9: =FD9/EZ9*100 -> 4.6674868 | FF9: 82.87274 | FG9: =IF(FK9>50,"**",IF(FK9>25,"*","")) | FH9: 77.66792 | FI9: 87.0665 | FJ9: 2.391304 | FK9: =FJ9/FF9*100 -> 2.8855134 | FL9: 47.88426 | FM9: =IF(FQ9>50,"**",IF(FQ9>25,"*","")) | FN9: 42.28634 | FO9: 53.53582 | FP9: 2.881891 | FQ9: =FP9/FL9*100 -> 6.0184516 | FR9: 58.14256 | FS9: =IF(FW9>50,"**",IF(FW9>25,"*","")) | FT9: 49.84761 | FU9: 66.00131 | FV9: 4.155959 | FW9: =FV9/FR9*100 -> 7.1478776 | FX9: 48.91977 | FY9: =IF(GC9>50,"**",IF(GC9>25,"*","")) | FZ9: 42.06873 | GA9: 55.81163 | GB9: 3.528036 | GC9: =GB9/FX9*100 -> 7.2118818 | GD9: 83.15048 | GE9: =IF(GI9>50,"**",IF(GI9>25,"*","")) | GF9: 73.27586 | GG9: 89.88031 | GH9: 4.200264 | GI9: =GH9/GD9*100 -> 5.0514008 | GJ9: 19.37957 | GK9: =IF(GO9>50,"**",IF(GO9>25,"*","")) | GL9: 15.06683 | GM9: 24.56967 | GN9: 2.421949 | GO9: =GN9/GJ9*100 -> 12.497434
B10: Bass Coast (S) | D10: 20.26775 | E10: =IF(I10>25,"*",IF(I10>50,"**","")) | F10: 15.17644 | G10: 26.5328 | H10: 2.89543 | I10: =H10/D10*100 -> 14.285898 | J10: 50.94888 | K10: =IF(O10>25,"*",IF(O10>50,"**","")) | L10: 42.70542 | M10: 59.14107 | N10: 4.231055 | O10: =N10/J10*100 -> 8.3045103 | P10: 8.386481 | Q10: =IF(U10>50,"**",IF(U10>25,"*","")) | R10: 5.290379 | S10: 13.04495 | T10: 1.936307 | U10: =T10/P10*100 -> 23.088432 | V10: 10.24482 | W10: =IF(AA10>50,"**",IF(AA10>25,"*","")) -> * | X10: 5.889111 | Y10: 17.23222 | Z10: 2.819776 | AA10: =Z10/V10*100 -> 27.523919 | AB10: 0.8298157 | AC10: =IF(AG10>50,"**",IF(AG10>25,"*","")) -> * | AD10: 0.3672584 | AE10: 1.864058 | AF10: 0.3441933 | AG10: =AF10/AB10*100 -> 41.478282 | AH10: 44.72665 | AI10: =IF(AM10>50,"**",IF(AM10>25,"*","")) | AJ10: 36.58922 | AK10: 53.15673 | AL10: 4.265198 | AM10: =AL10/AH10*100 -> 9.5361446 | AN10: 7.801793 | AO10: =IF(AS10>50,"**",IF(AS10>25,"*","")) -> * | AP10: 3.744942 | AQ10: 15.5437 | AR10: 2.851536 | AS10: =AR10/AN10*100 -> 36.549752 | AT10: 42.88363 | AU10: =IF(AY10>50,"**",IF(AY10>25,"*","")) | AV10: 34.72994 | AW10: 51.44284 | AX10: 4.302927 | AY10: =AX10/AT10*100 -> 10.033962 | AZ10: 18.18584 | BA10: =IF(BE10>50,"**",IF(BE10>25,"*","")) | BB10: 12.21099 | BC10: 26.21132 | BD10: 3.5586 | BE10: =BD10/AZ10*100 -> 19.567972 | BF10: 23.84661 | BG10: =IF(BK10>50,"**",IF(BK10>25,"*","")) | BH10: 16.84803 | BI10: 32.61217 | BJ10: 4.033381 | BK10: =BJ10/BF10*100 -> 16.913855 | BL10: 73.3525 | BM10: =IF(BQ10>50,"**",IF(BQ10>25,"*","")) | BN10: 67.48755 | BO10: 78.49658 | BP10: 2.814876 | BQ10: =BP10/BL10*100 -> 3.8374643 | BR10: 54.45908 | BS10: =IF(BW10>50,"**",IF(BW10>25,"*","")) | BT10: 46.31364 | BU10: 62.37273 | BV10: 4.132113 | BW10: =BV10/BR10*100 -> 7.5875556 | BX10: 25.04505 | BY10: =IF(CC10>50,"**",IF(CC10>25,"*","")) | BZ10: 18.05824 | CA10: 33.62579 | CB10: 3.986173 | CC10: =CB10/BX10*100 -> 15.916011 | CD10: 23.32632 | CE10: =IF(CI10>50,"**",IF(CI10>25,"*","")) | CF10: 16.24278 | CG10: 32.30743 | CH10: 4.108924 | CI10: =CH10/CD10*100 -> 17.614969 | CJ10: 20.08 | CK10: =IF(CO10>50,"**",IF(CO10>25,"*","")) | CL10: 13.76 | CM10: 28.37 | CN10: 3.72 | CO10: =CN10/CJ10*100 -> 18.525896 | CP10: 31.25945 | CQ10: =IF(CU10>50,"**",IF(CU10>25,"*","")) | CR10: 25.13786 | CS10: 38.11284 | CT10: 3.324605 | CU10: =CT10/CP10*100 -> 10.63552 | CW10: 39.05146 | CX10: =IF(DB10>50,"**",IF(DB10>25,"*","")) | CY10: 30.86423 | CZ10: 47.90561 | DA10: 4.387677 | DB10: =DA10/CW10*100 -> 11.235629 | DC10: 25.70075 | DD10: =IF(DH10>50,"**",IF(DH10>25,"*","")) | DE10: 20.69643 | DF10: 31.43544 | DG10: 2.744838 | DH10: =DG10/DC10*100 -> 10.679992 | DI10: 18.84451 | DJ10: =IF(DN10>50,"**",IF(DN10>25,"*","")) | DK10: 13.06762 | DL10: 26.39968 | DM10: 3.392942 | DN10: =DM10/DI10*100 -> 18.004936 | DO10: 12.20931 | DP10: =IF(DT10>50,"**",IF(DT10>25,"*","")) | DQ10: 9.50095 | DR10: 15.55701 | DS10: 1.537721 | DT10: =DS10/DO10*100 -> 12.594659 | DU10: 5.825546 | DV10: =IF(DZ10>50,"**",IF(DZ10>25,"*","")) | DW10: 3.712478 | DX10: 9.028554 | DY10: 1.323217 | DZ10: =DY10/DU10*100 -> 22.714043 | EA10: 8.861826 | EB10: =IF(EF10>50,"**",IF(EF10>25,"*","")) | EC10: 6.292866 | ED10: 12.3414 | EE10: 1.525171 | EF10: =EE10/EA10*100 -> 17.210573 | EG10: 5.477156 | EH10: =IF(EL10>50,"**",IF(EL10>25,"*","")) | EI10: 3.510456 | EJ10: 8.449199 | EK10: 1.229378 | EL10: =EK10/EG10*100 -> 22.445554 | EM10: 2.919772 | EN10: =IF(ER10>50,"**",IF(ER10>25,"*","")) | EO10: 1.831494 | EP10: 4.624245 | EQ10: 0.690571 | ER10: =EQ10/EM10*100 -> 23.651539 | ES10: 34.61232 | ET10: =IF(EX10>50,"**",IF(EX10>25,"*","")) | EU10: 27.46186 | EV10: 42.53293 | EW10: 3.870388 | EX10: =EW10/ES10*100 -> 11.182111 | EZ10: 54.70432 | FA10: =IF(FE10>50,"**",IF(FE10>25,"*","")) | FB10: 48.36395 | FC10: 60.89563 | FD10: 3.21354 | FE10: =FD10/EZ10*100 -> 5.8743807 | FF10: 85.76977 | FG10: =IF(FK10>50,"**",IF(FK10>25,"*","")) | FH10: 78.50589 | FI10: 90.86451 | FJ10: 3.119153 | FK10: =FJ10/FF10*100 -> 3.6366578 | FL10: 51.05243 | FM10: =IF(FQ10>50,"**",IF(FQ10>25,"*","")) | FN10: 43.96208 | FO10: 58.10068 | FP10: 3.631036 | FQ10: =FP10/FL10*100 -> 7.1123666 | FR10: 57.60737 | FS10: =IF(FW10>50,"**",IF(FW10>25,"*","")) | FT10: 49.66497 | FU10: 65.1753 | FV10: 3.987869 | FW10: =FV10/FR10*100 -> 6.9224979 | FX10: 49.01062 | FY10: =IF(GC10>50,"**",IF(GC10>25,"*","")) | FZ10: 42.99915 | GA10: 55.05084 | GB10: 3.089314 | GC10: =GB10/FX10*100 -> 6.3033563 | GD10: 68.70025 | GE10: =IF(GI10>50,"**",IF(GI10>25,"*","")) | GF10: 59.51522 | GG10: 76.62005 | GH10: 4.397043 | GI10: =GH10/GD10*100 -> 6.4003304 | GJ10: 17.74299 | GK10: =IF(GO10>50,"**",IF(GO10>25,"*","")) | GL10: 13.13298 | GM10: 23.53285 | GN10: 2.646343 | GO10: =GN10/GJ10*100 -> 14.914865
B11: Baw Baw (S) | D11: 23.62602 | E11: =IF(I11>25,"*",IF(I11>50,"**","")) | F11: 18.20281 | G11: 30.07098 | H11: 3.032221 | I11: =H11/D11*100 -> 12.834244 | J11: 55.69085 | K11: =IF(O11>25,"*",IF(O11>50,"**","")) | L11: 48.32022 | M11: 62.81913 | N11: 3.724532 | O11: =N11/J11*100 -> 6.6878706 | P11: 10.32553 | Q11: =IF(U11>50,"**",IF(U11>25,"*","")) | R11: 6.492925 | S11: 16.03254 | T11: 2.389241 | U11: =T11/P11*100 -> 23.139161 | V11: 11.81427 | W11: =IF(AA11>50,"**",IF(AA11>25,"*","")) | X11: 7.609865 | Y11: 17.89175 | Z11: 2.585646 | AA11: =Z11/V11*100 -> 21.885787 | AB11: 1.385759 | AC11: =IF(AG11>50,"**",IF(AG11>25,"*","")) -> * | AD11: 0.7570019 | AE11: 2.523475 | AF11: 0.4259904 | AG11: =AF11/AB11*100 -> 30.740583 | AH11: 44.6954 | AI11: =IF(AM11>50,"**",IF(AM11>25,"*","")) | AJ11: 37.46437 | AK11: 52.15804 | AL11: 3.775331 | AM11: =AL11/AH11*100 -> 8.4467999 | AN11: 6.787799 | AO11: =IF(AS11>50,"**",IF(AS11>25,"*","")) | AP11: 4.180212 | AQ11: 10.838 | AR11: 1.6539 | AS11: =AR11/AN11*100 -> 24.365777 | AT11: 52.09098 | AU11: =IF(AY11>50,"**",IF(AY11>25,"*","")) | AV11: 44.8022 | AW11: 59.29181 | AX11: 3.722417 | AY11: =AX11/AT11*100 -> 7.1459915 | AZ11: 18.33911 | BA11: =IF(BE11>50,"**",IF(BE11>25,"*","")) | BB11: 12.52855 | BC11: 26.0422 | BD11: 3.436468 | BE11: =BD11/AZ11*100 -> 18.738467 | BF11: 23.35388 | BG11: =IF(BK11>50,"**",IF(BK11>25,"*","")) | BH11: 17.01726 | BI11: 31.16391 | BJ11: 3.616149 | BK11: =BJ11/BF11*100 -> 15.484147 | BL11: 59.18872 | BM11: =IF(BQ11>50,"**",IF(BQ11>25,"*","")) | BN11: 51.62007 | BO11: 66.34528 | BP11: 3.782847 | BQ11: =BP11/BL11*100 -> 6.391162 | BR11: 45.05243 | BS11: =IF(BW11>50,"**",IF(BW11>25,"*","")) | BT11: 37.63661 | BU11: 52.69479 | BV11: 3.870444 | BW11: =BV11/BR11*100 -> 8.5909772 | BX11: 22.58537 | BY11: =IF(CC11>50,"**",IF(CC11>25,"*","")) | BZ11: 17.52359 | CA11: 28.60222 | CB11: 2.828593 | CC11: =CB11/BX11*100 -> 12.524006 | CD11: 19.44331 | CE11: =IF(CI11>50,"**",IF(CI11>25,"*","")) | CF11: 14.61852 | CG11: 25.38702 | CH11: 2.744006 | CI11: =CH11/CD11*100 -> 14.112854 | CJ11: 14.21 | CK11: =IF(CO11>50,"**",IF(CO11>25,"*","")) | CL11: 10.14 | CM11: 19.55 | CN11: 2.38 | CO11: =CN11/CJ11*100 -> 16.748768 | CP11: 29.3397 | CQ11: =IF(CU11>50,"**",IF(CU11>25,"*","")) | CR11: 24.51617 | CS11: 34.67629 | CT11: 2.5982 | CU11: =CT11/CP11*100 -> 8.8555779 | CW11: 35.41158 | CX11: =IF(DB11>50,"**",IF(DB11>25,"*","")) | CY11: 28.65741 | CZ11: 42.80255 | DA11: 3.630072 | DB11: =DA11/CW11*100 -> 10.251087 | DC11: 24.40433 | DD11: =IF(DH11>50,"**",IF(DH11>25,"*","")) | DE11: 20.19143 | DF11: 29.1749 | DG11: 2.294119 | DH11: =DG11/DC11*100 -> 9.4004589 | DI11: 20.04824 | DJ11: =IF(DN11>50,"**",IF(DN11>25,"*","")) | DK11: 14.48671 | DL11: 27.06903 | DM11: 3.207025 | DN11: =DM11/DI11*100 -> 15.996541 | DO11: 9.830603 | DP11: =IF(DT11>50,"**",IF(DT11>25,"*","")) | DQ11: 7.198033 | DR11: 13.28813 | DS11: 1.539766 | DT11: =DS11/DO11*100 -> 15.662986 | DU11: 5.660679 | DV11: =IF(DZ11>50,"**",IF(DZ11>25,"*","")) | DW11: 3.978416 | DX11: 7.995052 | DY11: 1.009002 | DZ11: =DY11/DU11*100 -> 17.824752 | EA11: 5.270344 | EB11: =IF(EF11>50,"**",IF(EF11>25,"*","")) | EC11: 3.919646 | ED11: 7.052326 | EE11: 0.7902711 | EF11: =EE11/EA11*100 -> 14.994678 | EG11: 5.77646 | EH11: =IF(EL11>50,"**",IF(EL11>25,"*","")) | EI11: 4.160448 | EJ11: 7.967981 | EK11: 0.9585065 | EL11: =EK11/EG11*100 -> 16.59332 | EM11: 2.645921 | EN11: =IF(ER11>50,"**",IF(ER11>25,"*","")) | EO11: 1.637734 | EP11: 4.247943 | EQ11: 0.6439774 | ER11: =EQ11/EM11*100 -> 24.338497 | ES11: 27.08606 | ET11: =IF(EX11>50,"**",IF(EX11>25,"*","")) | EU11: 22.34059 | EV11: 32.41875 | EW11: 2.576127 | EX11: =EW11/ES11*100 -> 9.510896 | EZ11: 50.19528 | FA11: =IF(FE11>50,"**",IF(FE11>25,"*","")) | FB11: 44.06623 | FC11: 56.31846 | FD11: 3.141295 | FE11: =FD11/EZ11*100 -> 6.2581482 | FF11: 76.82858 | FG11: =IF(FK11>50,"**",IF(FK11>25,"*","")) | FH11: 68.63318 | FI11: 83.4006 | FJ11: 3.775029 | FK11: =FJ11/FF11*100 -> 4.9135738 | FL11: 48.71944 | FM11: =IF(FQ11>50,"**",IF(FQ11>25,"*","")) | FN11: 42.84271 | FO11: 54.63179 | FP11: 3.021404 | FQ11: =FP11/FL11*100 -> 6.2016394 | FR11: 58.30151 | FS11: =IF(FW11>50,"**",IF(FW11>25,"*","")) | FT11: 50.20553 | FU11: 65.9733 | FV11: 4.054972 | FW11: =FV11/FR11*100 -> 6.9551749 | FX11: 46.52374 | FY11: =IF(GC11>50,"**",IF(GC11>25,"*","")) | FZ11: 40.08813 | GA11: 53.07721 | GB11: 3.332162 | GC11: =GB11/FX11*100 -> 7.1622832 | GD11: 72.83914 | GE11: =IF(GI11>50,"**",IF(GI11>25,"*","")) | GF11: 62.11927 | GG11: 81.43215 | GH11: 4.964161 | GI11: =GH11/GD11*100 -> 6.8152383 | GJ11: 19.85664 | GK11: =IF(GO11>50,"**",IF(GO11>25,"*","")) | GL11: 15.43853 | GM11: 25.16285 | GN11: 2.47904 | GO11: =GN11/GJ11*100 -> 12.48469
B12: Bayside (C) | D12: 10.57602 | E12: =IF(I12>25,"*",IF(I12>50,"**","")) | F12: 6.74803 | G12: 16.19834 | H12: 2.370389 | I12: =H12/D12*100 -> 22.412864 | J12: 43.20269 | K12: =IF(O12>25,"*",IF(O12>50,"**","")) | L12: 36.45567 | M12: 50.21171 | N12: 3.531085 | O12: =N12/J12*100 -> 8.1732989 | P12: 6.637413 | Q12: =IF(U12>50,"**",IF(U12>25,"*","")) -> * | R12: 3.976193 | S12: 10.87798 | T12: 1.708858 | U12: =T12/P12*100 -> 25.745844 | V12: 14.23768 | W12: =IF(AA12>50,"**",IF(AA12>25,"*","")) | X12: 8.741662 | Y12: 22.34312 | Z12: 3.425789 | AA12: =Z12/V12*100 -> 24.061427 | AB12: 0.7877527 | AC12: =IF(AG12>50,"**",IF(AG12>25,"*","")) -> ** | AD12: 0.2449733 | AE12: 2.502976 | AF12: 0.4679196 | AG12: =AF12/AB12*100 -> 59.399301 | AH12: 34.48299 | AI12: =IF(AM12>50,"**",IF(AM12>25,"*","")) | AJ12: 27.70619 | AK12: 41.9554 | AL12: 3.656638 | AM12: =AL12/AH12*100 -> 10.604179 | AN12: 6.6839 | AO12: =IF(AS12>50,"**",IF(AS12>25,"*","")) -> * | AP12: 3.497501 | AQ12: 12.40024 | AR12: 2.167784 | AS12: =AR12/AN12*100 -> 32.432921 | AT12: 47.98834 | AU12: =IF(AY12>50,"**",IF(AY12>25,"*","")) | AV12: 40.66492 | AW12: 55.39924 | AX12: 3.786204 | AY12: =AX12/AT12*100 -> 7.8898416 | AZ12: 3.145213 | BA12: =IF(BE12>50,"**",IF(BE12>25,"*","")) -> * | BB12: 1.673262 | BC12: 5.83518 | BD12: 1.004309 | BE12: =BD12/AZ12*100 -> 31.931351 | BF12: 9.759404 | BG12: =IF(BK12>50,"**",IF(BK12>25,"*","")) -> * | BH12: 5.410391 | BI12: 16.97684 | BJ12: 2.862109 | BK12: =BJ12/BF12*100 -> 29.326678 | BL12: 77.68785 | BM12: =IF(BQ12>50,"**",IF(BQ12>25,"*","")) | BN12: 71.84286 | BO12: 82.61315 | BP12: 2.749373 | BQ12: =BP12/BL12*100 -> 3.539 | BR12: 60.02416 | BS12: =IF(BW12>50,"**",IF(BW12>25,"*","")) | BT12: 53.56256 | BU12: 66.15478 | BV12: 3.228608 | BW12: =BV12/BR12*100 -> 5.3788475 | BX12: 11.59556 | BY12: =IF(CC12>50,"**",IF(CC12>25,"*","")) | BZ12: 8.395202 | CA12: 15.80543 | CB12: 1.875079 | CC12: =CB12/BX12*100 -> 16.170664 | CD12: 11.17453 | CE12: =IF(CI12>50,"**",IF(CI12>25,"*","")) | CF12: 7.777364 | CG12: 15.80134 | CH12: 2.025401 | CI12: =CH12/CD12*100 -> 18.125156 | CJ12: 10.22 | CK12: =IF(CO12>50,"**",IF(CO12>25,"*","")) | CL12: 6.8 | CM12: 15.08 | CN12: 2.08 | CO12: =CN12/CJ12*100 -> 20.35225 | CP12: 18.68131 | CQ12: =IF(CU12>50,"**",IF(CU12>25,"*","")) | CR12: 15.85538 | CS12: 21.87994 | CT12: 1.535975 | CU12: =CT12/CP12*100 -> 8.2219876 | CW12: 23.00917 | CX12: =IF(DB12>50,"**",IF(DB12>25,"*","")) | CY12: 16.33818 | CZ12: 31.38224 | DA12: 3.845561 | DB12: =DA12/CW12*100 -> 16.713167 | DC12: 17.86619 | DD12: =IF(DH12>50,"**",IF(DH12>25,"*","")) | DE12: 14.59194 | DF12: 21.68856 | DG12: 1.80827 | DH12: =DG12/DC12*100 -> 10.121184 | DI12: 31.3924 | DJ12: =IF(DN12>50,"**",IF(DN12>25,"*","")) | DK12: 22.35905 | DL12: 42.09654 | DM12: 5.087898 | DN12: =DM12/DI12*100 -> 16.20742 | DO12: 7.14091 | DP12: =IF(DT12>50,"**",IF(DT12>25,"*","")) | DQ12: 5.16715 | DR12: 9.790773 | DS12: 1.165651 | DT12: =DS12/DO12*100 -> 16.323564 | DU12: 3.045892 | DV12: =IF(DZ12>50,"**",IF(DZ12>25,"*","")) | DW12: 2.078577 | DX12: 4.442944 | DY12: 0.5906698 | DZ12: =DY12/DU12*100 -> 19.392342 | EA12: 5.918472 | EB12: =IF(EF12>50,"**",IF(EF12>25,"*","")) | EC12: 4.353329 | ED12: 7.999266 | EE12: 0.9194072 | EF12: =EE12/EA12*100 -> 15.534537 | EG12: 4.665183 | EH12: =IF(EL12>50,"**",IF(EL12>25,"*","")) | EI12: 3.146345 | EJ12: 6.865242 | EK12: 0.9296377 | EL12: =EK12/EG12*100 -> 19.927143 | EM12: 0.8543427 | EN12: =IF(ER12>50,"**",IF(ER12>25,"*","")) -> * | EO12: 0.3843908 | EP12: 1.887963 | EQ12: 0.347196 | ER12: =EQ12/EM12*100 -> 40.638961 | ES12: 24.7468 | ET12: =IF(EX12>50,"**",IF(EX12>25,"*","")) | EU12: 18.17029 | EV12: 32.75092 | EW12: 3.731042 | EX12: =EW12/ES12*100 -> 15.076867 | EZ12: 55.41685 | FA12: =IF(FE12>50,"**",IF(FE12>25,"*","")) | FB12: 48.51193 | FC12: 62.11885 | FD12: 3.49249 | FE12: =FD12/EZ12*100 -> 6.3022167 | FF12: 79.63776 | FG12: =IF(FK12>50,"**",IF(FK12>25,"*","")) | FH12: 72.83332 | FI12: 85.08687 | FJ12: 3.124213 | FK12: =FJ12/FF12*100 -> 3.9230297 | FL12: 43.36595 | FM12: =IF(FQ12>50,"**",IF(FQ12>25,"*","")) | FN12: 36.74678 | FO12: 50.23059 | FP12: 3.460372 | FQ12: =FP12/FL12*100 -> 7.9794678 | FR12: 58.86659 | FS12: =IF(FW12>50,"**",IF(FW12>25,"*","")) | FT12: 50.4254 | FU12: 66.81632 | FV12: 4.217845 | FW12: =FV12/FR12*100 -> 7.1650914 | FX12: 48.92033 | FY12: =IF(GC12>50,"**",IF(GC12>25,"*","")) | FZ12: 42.24929 | GA12: 55.63005 | GB12: 3.433925 | GC12: =GB12/FX12*100 -> 7.0194232 | GD12: 78.3952 | GE12: =IF(GI12>50,"**",IF(GI12>25,"*","")) | GF12: 68.62864 | GG12: 85.75246 | GH12: 4.37232 | GI12: =GH12/GD12*100 -> 5.5772802 | GJ12: 16.20185 | GK12: =IF(GO12>50,"**",IF(GO12>25,"*","")) | GL12: 11.12835 | GM12: 22.99004 | GN12: 3.009102 | GO12: =GN12/GJ12*100 -> 18.572583
B13: Benalla (RC) | D13: 31.00831 | E13: =IF(I13>25,"*",IF(I13>50,"**","")) | F13: 21.07001 | G13: 43.076 | H13: 5.686328 | I13: =H13/D13*100 -> 18.338078 | J13: 61.31022 | K13: =IF(O13>25,"*",IF(O13>50,"**","")) | L13: 50.31832 | M13: 71.25927 | N13: 5.417422 | O13: =N13/J13*100 -> 8.8360831 | P13: 19.27231 | Q13: =IF(U13>50,"**",IF(U13>25,"*","")) | R13: 12.89837 | S13: 27.79105 | T13: 3.790728 | U13: =T13/P13*100 -> 19.669298 | V13: 13.95528 | W13: =IF(AA13>50,"**",IF(AA13>25,"*","")) -> * | X13: 7.890436 | Y13: 23.49281 | Z13: 3.910539 | AA13: =Z13/V13*100 -> 28.021931 | AB13: 4.016589 | AC13: =IF(AG13>50,"**",IF(AG13>25,"*","")) -> * | AD13: 2.018117 | AE13: 7.835813 | AF13: 1.394311 | AG13: =AF13/AB13*100 -> 34.713808 | AH13: 53.97627 | AI13: =IF(AM13>50,"**",IF(AM13>25,"*","")) | AJ13: 46.73505 | AK13: 61.05343 | AL13: 3.677693 | AM13: =AL13/AH13*100 -> 6.8135368 | AN13: 7.680507 | AO13: =IF(AS13>50,"**",IF(AS13>25,"*","")) -> * | AP13: 4.618576 | AQ13: 12.50622 | AR13: 1.957941 | AS13: =AR13/AN13*100 -> 25.492341 | AT13: 38.0843 | AU13: =IF(AY13>50,"**",IF(AY13>25,"*","")) | AV13: 29.59345 | AW13: 47.37216 | AX13: 4.580742 | AY13: =AX13/AT13*100 -> 12.027901 | AZ13: 14.41722 | BA13: =IF(BE13>50,"**",IF(BE13>25,"*","")) | BB13: 8.966906 | BC13: 22.36643 | BD13: 3.378101 | BE13: =BD13/AZ13*100 -> 23.431015 | BF13: 17.80689 | BG13: =IF(BK13>50,"**",IF(BK13>25,"*","")) | BH13: 11.37106 | BI13: 26.78448 | BJ13: 3.91209 | BK13: =BJ13/BF13*100 -> 21.96953 | BL13: 59.55327 | BM13: =IF(BQ13>50,"**",IF(BQ13>25,"*","")) | BN13: 49.74207 | BO13: 68.65604 | BP13: 4.881319 | BQ13: =BP13/BL13*100 -> 8.1965591 | BR13: 46.59712 | BS13: =IF(BW13>50,"**",IF(BW13>25,"*","")) | BT13: 37.30932 | BU13: 56.127 | BV13: 4.857969 | BW13: =BV13/BR13*100 -> 10.425471 | BX13: 20.61535 | BY13: =IF(CC13>50,"**",IF(CC13>25,"*","")) | BZ13: 15.02601 | CA13: 27.60828 | CB13: 3.208678 | CC13: =CB13/BX13*100 -> 15.564509 | CD13: 17.36541 | CE13: =IF(CI13>50,"**",IF(CI13>25,"*","")) | CF13: 11.80876 | CG13: 24.80147 | CH13: 3.29981 | CI13: =CH13/CD13*100 -> 19.0022 | CJ13: 19.29 | CK13: =IF(CO13>50,"**",IF(CO13>25,"*","")) | CL13: 12.51 | CM13: 28.53 | CN13: 4.07 | CO13: =CN13/CJ13*100 -> 21.099015 | CP13: 34.91544 | CQ13: =IF(CU13>50,"**",IF(CU13>25,"*","")) | CR13: 24.72885 | CS13: 46.69506 | CT13: 5.685303 | CU13: =CT13/CP13*100 -> 16.283063 | CW13: 37.15099 | CX13: =IF(DB13>50,"**",IF(DB13>25,"*","")) | CY13: 28.14406 | CZ13: 47.14903 | DA13: 4.902997 | DB13: =DA13/CW13*100 -> 13.197487 | DC13: 19.80367 | DD13: =IF(DH13>50,"**",IF(DH13>25,"*","")) | DE13: 16.39355 | DF13: 23.72189 | DG13: 1.868694 | DH13: =DG13/DC13*100 -> 9.4360995 | DI13: 30.6156 | DJ13: =IF(DN13>50,"**",IF(DN13>25,"*","")) | DK13: 25.33027 | DL13: 36.46518 | DM13: 2.849497 | DN13: =DM13/DI13*100 -> 9.3073368 | DO13: 10.22623 | DP13: =IF(DT13>50,"**",IF(DT13>25,"*","")) | DQ13: 7.567493 | DR13: 13.68082 | DS13: 1.546977 | DT13: =DS13/DO13*100 -> 15.12754 | DU13: 4.903474 | DV13: =IF(DZ13>50,"**",IF(DZ13>25,"*","")) | DW13: 3.438366 | DX13: 6.947952 | DY13: 0.8808136 | DZ13: =DY13/DU13*100 -> 17.963052 | EA13: 4.355389 | EB13: =IF(EF13>50,"**",IF(EF13>25,"*","")) | EC13: 3.260099 | ED13: 5.796614 | EE13: 0.6398121 | EF13: =EE13/EA13*100 -> 14.690125 | EG13: 5.774596 | EH13: =IF(EL13>50,"**",IF(EL13>25,"*","")) | EI13: 4.399183 | EJ13: 7.546091 | EK13: 0.7954494 | EL13: =EK13/EG13*100 -> 13.774979 | EM13: 2.279398 | EN13: =IF(ER13>50,"**",IF(ER13>25,"*","")) -> * | EO13: 1.135824 | EP13: 4.521688 | EQ13: 0.804805 | ER13: =EQ13/EM13*100 -> 35.307787 | ES13: 30.73083 | ET13: =IF(EX13>50,"**",IF(EX13>25,"*","")) | EU13: 24.24122 | EV13: 38.0844 | EW13: 3.548851 | EX13: =EW13/ES13*100 -> 11.548178 | EZ13: 61.56902 | FA13: =IF(FE13>50,"**",IF(FE13>25,"*","")) | FB13: 50.25955 | FC13: 71.7523 | FD13: 5.56415 | FE13: =FD13/EZ13*100 -> 9.0372561 | FF13: 88.53976 | FG13: =IF(FK13>50,"**",IF(FK13>25,"*","")) | FH13: 81.2838 | FI13: 93.21744 | FJ13: 2.981941 | FK13: =FJ13/FF13*100 -> 3.3679118 | FL13: 60.9686 | FM13: =IF(FQ13>50,"**",IF(FQ13>25,"*","")) | FN13: 50.08606 | FO13: 70.85893 | FP13: 5.373025 | FQ13: =FP13/FL13*100 -> 8.8127741 | FR13: 70.21308 | FS13: =IF(FW13>50,"**",IF(FW13>25,"*","")) | FT13: 62.70503 | FU13: 76.76961 | FV13: 3.605173 | FW13: =FV13/FR13*100 -> 5.1346174 | FX13: 49.15592 | FY13: =IF(GC13>50,"**",IF(GC13>25,"*","")) | FZ13: 42.47235 | GA13: 55.8698 | GB13: 3.438264 | GC13: =GB13/FX13*100 -> 6.9946082 | GD13: 85.98594 | GE13: =IF(GI13>50,"**",IF(GI13>25,"*","")) | GF13: 76.95188 | GG13: 91.85382 | GH13: 3.740802 | GI13: =GH13/GD13*100 -> 4.350481 | GJ13: 18.50927 | GK13: =IF(GO13>50,"**",IF(GO13>25,"*","")) | GL13: 13.67086 | GM13: 24.57269 | GN13: 2.775622 | GO13: =GN13/GJ13*100 -> 14.995848
B14: Boroondara (C) | D14: 10.53356 | E14: =IF(I14>25,"*",IF(I14>50,"**","")) | F14: 7.676164 | G14: 14.28996 | H14: 1.672658 | I14: =H14/D14*100 -> 15.879323 | J14: 38.01874 | K14: =IF(O14>25,"*",IF(O14>50,"**","")) | L14: 33.21536 | M14: 43.0688 | N14: 2.521214 | O14: =N14/J14*100 -> 6.6315033 | P14: 4.629727 | Q14: =IF(U14>50,"**",IF(U14>25,"*","")) -> * | R14: 2.533127 | S14: 8.31361 | T14: 1.407466 | U14: =T14/P14*100 -> 30.400626 | V14: 12.75485 | W14: =IF(AA14>50,"**",IF(AA14>25,"*","")) | X14: 9.559766 | Y14: 16.81921 | Z14: 1.841284 | AA14: =Z14/V14*100 -> 14.435952 | AB14: 1.954563 | AC14: =IF(AG14>50,"**",IF(AG14>25,"*","")) -> ** | AD14: 0.6723058 | AE14: 5.545863 | AF14: 1.056132 | AG14: =AF14/AB14*100 -> 54.034175 | AH14: 38.51205 | AI14: =IF(AM14>50,"**",IF(AM14>25,"*","")) | AJ14: 33.37054 | AK14: 43.92352 | AL14: 2.701475 | AM14: =AL14/AH14*100 -> 7.0146227 | AN14: 7.988338 | AO14: =IF(AS14>50,"**",IF(AS14>25,"*","")) | AP14: 5.428474 | AQ14: 11.60718 | AR14: 1.551637 | AS14: =AR14/AN14*100 -> 19.423778 | AT14: 47.82057 | AU14: =IF(AY14>50,"**",IF(AY14>25,"*","")) | AV14: 42.57271 | AW14: 53.11698 | AX14: 2.699834 | AY14: =AX14/AT14*100 -> 5.6457587 | AZ14: 4.818616 | BA14: =IF(BE14>50,"**",IF(BE14>25,"*","")) -> * | BB14: 2.790045 | BC14: 8.197732 | BD14: 1.327976 | BE14: =BD14/AZ14*100 -> 27.559283 | BF14: 9.92287 | BG14: =IF(BK14>50,"**",IF(BK14>25,"*","")) | BH14: 6.91337 | BI14: 14.04479 | BJ14: 1.797873 | BK14: =BJ14/BF14*100 -> 18.118478 | BL14: 66.22992 | BM14: =IF(BQ14>50,"**",IF(BQ14>25,"*","")) | BN14: 60.96918 | BO14: 71.1175 | BP14: 2.596456 | BQ14: =BP14/BL14*100 -> 3.9203671 | BR14: 44.99023 | BS14: =IF(BW14>50,"**",IF(BW14>25,"*","")) | BT14: 39.76808 | BU14: 50.32517 | BV14: 2.703056 | BW14: =BV14/BR14*100 -> 6.0080955 | BX14: 14.90785 | BY14: =IF(CC14>50,"**",IF(CC14>25,"*","")) | BZ14: 11.35451 | CA14: 19.3307 | CB14: 2.026932 | CC14: =CB14/BX14*100 -> 13.596407 | CD14: 17.37798 | CE14: =IF(CI14>50,"**",IF(CI14>25,"*","")) | CF14: 13.32475 | CG14: 22.34627 | CH14: 2.296309 | CI14: =CH14/CD14*100 -> 13.213901 | CJ14: 8.85 | CK14: =IF(CO14>50,"**",IF(CO14>25,"*","")) | CL14: 5.99 | CM14: 12.9 | CN14: 1.74 | CO14: =CN14/CJ14*100 -> 19.661017 | CP14: 18.60294 | CQ14: =IF(CU14>50,"**",IF(CU14>25,"*","")) | CR14: 15.02058 | CS14: 22.81035 | CT14: 1.985208 | CU14: =CT14/CP14*100 -> 10.671475 | CW14: 22.17623 | CX14: =IF(DB14>50,"**",IF(DB14>25,"*","")) | CY14: 17.97823 | CZ14: 27.03142 | DA14: 2.310443 | DB14: =DA14/CW14*100 -> 10.418556 | DC14: 16.63747 | DD14: =IF(DH14>50,"**",IF(DH14>25,"*","")) | DE14: 13.26446 | DF14: 20.66384 | DG14: 1.883895 | DH14: =DG14/DC14*100 -> 11.323206 | DI14: 15.93571 | DJ14: =IF(DN14>50,"**",IF(DN14>25,"*","")) | DK14: 12.59658 | DL14: 19.95786 | DM14: 1.873318 | DN14: =DM14/DI14*100 -> 11.755472 | DO14: 9.067003 | DP14: =IF(DT14>50,"**",IF(DT14>25,"*","")) | DQ14: 6.557725 | DR14: 12.40893 | DS14: 1.477404 | DT14: =DS14/DO14*100 -> 16.294293 | DU14: 3.495368 | DV14: =IF(DZ14>50,"**",IF(DZ14>25,"*","")) -> * | DW14: 1.977358 | DX14: 6.106153 | DY14: 1.007266 | DZ14: =DY14/DU14*100 -> 28.817166 | EA14: 4.554493 | EB14: =IF(EF14>50,"**",IF(EF14>25,"*","")) | EC14: 2.82928 | ED14: 7.253167 | EE14: 1.09563 | EF14: =EE14/EA14*100 -> 24.056026 | EG14: 5.017794 | EH14: =IF(EL14>50,"**",IF(EL14>25,"*","")) | EI14: 3.393045 | EJ14: 7.361266 | EK14: 0.9926352 | EL14: =EK14/EG14*100 -> 19.782303 | EM14: 0.8085241 | EN14: =IF(ER14>50,"**",IF(ER14>25,"*","")) -> * | EO14: 0.3628398 | EP14: 1.791808 | EQ14: 0.3296813 | ER14: =EQ14/EM14*100 -> 40.775692 | ES14: 18.31422 | ET14: =IF(EX14>50,"**",IF(EX14>25,"*","")) | EU14: 15.01223 | EV14: 22.15318 | EW14: 1.819912 | EX14: =EW14/ES14*100 -> 9.9371527 | EZ14: 54.72713 | FA14: =IF(FE14>50,"**",IF(FE14>25,"*","")) | FB14: 49.80762 | FC14: 59.55598 | FD14: 2.494633 | FE14: =FD14/EZ14*100 -> 4.5583114 | FF14: 82.0273 | FG14: =IF(FK14>50,"**",IF(FK14>25,"*","")) | FH14: 77.76137 | FI14: 85.62618 | FJ14: 2.003625 | FK14: =FJ14/FF14*100 -> 2.4426319 | FL14: 48.37544 | FM14: =IF(FQ14>50,"**",IF(FQ14>25,"*","")) | FN14: 43.39193 | FO14: 53.39149 | FP14: 2.559407 | FQ14: =FP14/FL14*100 -> 5.2907157 | FR14: 60.36994 | FS14: =IF(FW14>50,"**",IF(FW14>25,"*","")) | FT14: 51.2717 | FU14: 68.80306 | FV14: 4.51641 | FW14: =FV14/FR14*100 -> 7.4812233 | FX14: 56.96874 | FY14: =IF(GC14>50,"**",IF(GC14>25,"*","")) | FZ14: 48.97495 | GA14: 64.61502 | GB14: 4.022016 | GC14: =GB14/FX14*100 -> 7.0600403 | GD14: 89.94719 | GE14: =IF(GI14>50,"**",IF(GI14>25,"*","")) | GF14: 82.53673 | GG14: 94.42544 | GH14: 2.944042 | GI14: =GH14/GD14*100 -> 3.2730783 | GJ14: 13.36005 | GK14: =IF(GO14>50,"**",IF(GO14>25,"*","")) | GL14: 10.07724 | GM14: 17.5041 | GN14: 1.884937 | GO14: =GN14/GJ14*100 -> 14.108757
B15: Brimbank (C) | D15: 20.72741 | E15: =IF(I15>25,"*",IF(I15>50,"**","")) | F15: 16.76386 | G15: 25.34275 | H15: 2.188162 | I15: =H15/D15*100 -> 10.556852 | J15: 47.4744 | K15: =IF(O15>25,"*",IF(O15>50,"**","")) | L15: 42.23592 | M15: 52.76906 | N15: 2.696958 | O15: =N15/J15*100 -> 5.680868 | P15: 9.954818 | Q15: =IF(U15>50,"**",IF(U15>25,"*","")) | R15: 7.142204 | S15: 13.71149 | T15: 1.659162 | U15: =T15/P15*100 -> 16.666924 | V15: 18.8257 | W15: =IF(AA15>50,"**",IF(AA15>25,"*","")) | X15: 15.0439 | Y15: 23.29747 | Z15: 2.103416 | AA15: =Z15/V15*100 -> 11.173109 | AB15: 7.769267 | AC15: =IF(AG15>50,"**",IF(AG15>25,"*","")) | AD15: 4.95276 | AE15: 11.98548 | AF15: 1.755961 | AG15: =AF15/AB15*100 -> 22.601373 | AH15: 49.82556 | AI15: =IF(AM15>50,"**",IF(AM15>25,"*","")) | AJ15: 44.45055 | AK15: 55.2046 | AL15: 2.753981 | AM15: =AL15/AH15*100 -> 5.5272455 | AN15: 4.730466 | AO15: =IF(AS15>50,"**",IF(AS15>25,"*","")) | AP15: 2.947457 | AQ15: 7.508626 | AR15: 1.130386 | AS15: =AR15/AN15*100 -> 23.89587 | AT15: 41.47477 | AU15: =IF(AY15>50,"**",IF(AY15>25,"*","")) | AV15: 36.19925 | AW15: 46.95331 | AX15: 2.753645 | AY15: =AX15/AT15*100 -> 6.6393255 | AZ15: 16.36719 | BA15: =IF(BE15>50,"**",IF(BE15>25,"*","")) | BB15: 12.74623 | BC15: 20.77191 | BD15: 2.042237 | BE15: =BD15/AZ15*100 -> 12.477627 | BF15: 21.00059 | BG15: =IF(BK15>50,"**",IF(BK15>25,"*","")) | BH15: 16.87836 | BI15: 25.8169 | BJ15: 2.280139 | BK15: =BJ15/BF15*100 -> 10.8575 | BL15: 40.02309 | BM15: =IF(BQ15>50,"**",IF(BQ15>25,"*","")) | BN15: 34.7946 | BO15: 45.48915 | BP15: 2.738154 | BQ15: =BP15/BL15*100 -> 6.8414358 | BR15: 26.46095 | BS15: =IF(BW15>50,"**",IF(BW15>25,"*","")) | BT15: 21.863 | BU15: 31.63441 | BV15: 2.497098 | BW15: =BV15/BR15*100 -> 9.4369174 | BX15: 27.68898 | BY15: =IF(CC15>50,"**",IF(CC15>25,"*","")) | BZ15: 23.01001 | CA15: 32.91266 | CB15: 2.531374 | CC15: =CB15/BX15*100 -> 9.1421714 | CD15: 25.61678 | CE15: =IF(CI15>50,"**",IF(CI15>25,"*","")) | CF15: 21.16748 | CG15: 30.63782 | CH15: 2.419467 | CI15: =CH15/CD15*100 -> 9.4448522 | CJ15: 19.82 | CK15: =IF(CO15>50,"**",IF(CO15>25,"*","")) | CL15: 15.72 | CM15: 24.69 | CN15: 2.29 | CO15: =CN15/CJ15*100 -> 11.553986 | CP15: 28.93517 | CQ15: =IF(CU15>50,"**",IF(CU15>25,"*","")) | CR15: 24.97265 | CS15: 33.24782 | CT15: 2.114326 | CU15: =CT15/CP15*100 -> 7.3071145 | CW15: 27.74607 | CX15: =IF(DB15>50,"**",IF(DB15>25,"*","")) | CY15: 23.08235 | CZ15: 32.94844 | DA15: 2.522013 | DB15: =DA15/CW15*100 -> 9.0896224 | DC15: 20.82091 | DD15: =IF(DH15>50,"**",IF(DH15>25,"*","")) | DE15: 17.5584 | DF15: 24.5094 | DG15: 1.773061 | DH15: =DG15/DC15*100 -> 8.5157709 | DI15: 19.24106 | DJ15: =IF(DN15>50,"**",IF(DN15>25,"*","")) | DK15: 15.1958 | DL15: 24.05772 | DM15: 2.258679 | DN15: =DM15/DI15*100 -> 11.738849 | DO15: 6.252273 | DP15: =IF(DT15>50,"**",IF(DT15>25,"*","")) | DQ15: 4.327961 | DR15: 8.952119 | DS15: 1.16079 | DT15: =DS15/DO15*100 -> 18.565888 | DU15: 6.945853 | DV15: =IF(DZ15>50,"**",IF(DZ15>25,"*","")) | DW15: 4.970083 | DX15: 9.627483 | DY15: 1.173016 | DZ15: =DY15/DU15*100 -> 16.888005 | EA15: 8.239856 | EB15: =IF(EF15>50,"**",IF(EF15>25,"*","")) | EC15: 6.046907 | ED15: 11.13385 | EE15: 1.284766 | EF15: =EE15/EA15*100 -> 15.592093 | EG15: 6.317945 | EH15: =IF(EL15>50,"**",IF(EL15>25,"*","")) | EI15: 4.367223 | EJ15: 9.057477 | EK15: 1.17732 | EL15: =EK15/EG15*100 -> 18.63454 | EM15: 5.192812 | EN15: =IF(ER15>50,"**",IF(ER15>25,"*","")) | EO15: 3.376766 | EP15: 7.905628 | EQ15: 1.128617 | ER15: =EQ15/EM15*100 -> 21.734216 | ES15: 28.44738 | ET15: =IF(EX15>50,"**",IF(EX15>25,"*","")) | EU15: 24.00963 | EV15: 33.34544 | EW15: 2.386195 | EX15: =EW15/ES15*100 -> 8.3881011 | EZ15: 65.59353 | FA15: =IF(FE15>50,"**",IF(FE15>25,"*","")) | FB15: 60.84251 | FC15: 70.05184 | FD15: 2.355079 | FE15: =FD15/EZ15*100 -> 3.5904136 | FF15: 75.94039 | FG15: =IF(FK15>50,"**",IF(FK15>25,"*","")) | FH15: 71.3137 | FI15: 80.02983 | FJ15: 2.225527 | FK15: =FJ15/FF15*100 -> 2.9306236 | FL15: 61.59422 | FM15: =IF(FQ15>50,"**",IF(FQ15>25,"*","")) | FN15: 56.64643 | FO15: 66.31314 | FP15: 2.47319 | FQ15: =FP15/FL15*100 -> 4.0152956 | FR15: 61.83936 | FS15: =IF(FW15>50,"**",IF(FW15>25,"*","")) | FT15: 53.08148 | FU15: 69.88978 | FV15: 4.325924 | FW15: =FV15/FR15*100 -> 6.9954217 | FX15: 40.45022 | FY15: =IF(GC15>50,"**",IF(GC15>25,"*","")) | FZ15: 33.62719 | GA15: 47.66349 | GB15: 3.603397 | GC15: =GB15/FX15*100 -> 8.908226 | GD15: 74.40922 | GE15: =IF(GI15>50,"**",IF(GI15>25,"*","")) | GF15: 63.19311 | GG15: 83.12042 | GH15: 5.117771 | GI15: =GH15/GD15*100 -> 6.8778721 | GJ15: 20.66198 | GK15: =IF(GO15>50,"**",IF(GO15>25,"*","")) | GL15: 16.31588 | GM15: 25.80872 | GN15: 2.421141 | GO15: =GN15/GJ15*100 -> 11.717856
B16: Buloke (S) | D16: 24.54915 | E16: =IF(I16>25,"*",IF(I16>50,"**","")) | F16: 15.42065 | G16: 36.73445 | H16: 5.473299 | I16: =H16/D16*100 -> 22.295269 | J16: 48.45692 | K16: =IF(O16>25,"*",IF(O16>50,"**","")) | L16: 37.13273 | M16: 59.94183 | N16: 5.922621 | O16: =N16/J16*100 -> 12.222446 | P16: 4.873079 | Q16: =IF(U16>50,"**",IF(U16>25,"*","")) -> * | R16: 2.900805 | S16: 8.074798 | T16: 1.275382 | U16: =T16/P16*100 -> 26.171995 | V16: 8.244204 | W16: =IF(AA16>50,"**",IF(AA16>25,"*","")) -> ** | X16: 2.824744 | Y16: 21.73559 | Z16: 4.355236 | AA16: =Z16/V16*100 -> 52.827853 | AB16: 1.134506 | AC16: =IF(AG16>50,"**",IF(AG16>25,"*","")) -> * | AD16: 0.6886662 | AE16: 1.863563 | AF16: 0.2882406 | AG16: =AF16/AB16*100 -> 25.406706 | AH16: 41.17249 | AI16: =IF(AM16>50,"**",IF(AM16>25,"*","")) | AJ16: 29.0049 | AK16: 54.52427 | AL16: 6.652019 | AM16: =AL16/AH16*100 -> 16.156465 | AN16: 4.899878 | AO16: =IF(AS16>50,"**",IF(AS16>25,"*","")) -> * | AP16: 2.835264 | AQ16: 8.338898 | AR16: 1.351679 | AS16: =AR16/AN16*100 -> 27.585973 | AT16: 39.72369 | AU16: =IF(AY16>50,"**",IF(AY16>25,"*","")) | AV16: 29.60842 | AW16: 50.80074 | AX16: 5.485315 | AY16: =AX16/AT16*100 -> 13.808674 | AZ16: 10.9544 | BA16: =IF(BE16>50,"**",IF(BE16>25,"*","")) -> * | BB16: 6.264055 | BC16: 18.46491 | BD16: 3.036983 | BE16: =BD16/AZ16*100 -> 27.723864 | BF16: 13.16969 | BG16: =IF(BK16>50,"**",IF(BK16>25,"*","")) | BH16: 7.984951 | BI16: 20.95429 | BJ16: 3.257569 | BK16: =BJ16/BF16*100 -> 24.735351 | BL16: 68.82375 | BM16: =IF(BQ16>50,"**",IF(BQ16>25,"*","")) | BN16: 60.47056 | BO16: 76.10917 | BP16: 4.015187 | BQ16: =BP16/BL16*100 -> 5.8340137 | BR16: 44.86358 | BS16: =IF(BW16>50,"**",IF(BW16>25,"*","")) | BT16: 35.48005 | BU16: 54.62761 | BV16: 4.944872 | BW16: =BV16/BR16*100 -> 11.022018 | BX16: 21.87712 | BY16: =IF(CC16>50,"**",IF(CC16>25,"*","")) | BZ16: 15.49997 | CA16: 29.94811 | CB16: 3.689084 | CC16: =CB16/BX16*100 -> 16.86275 | CD16: 20.62153 | CE16: =IF(CI16>50,"**",IF(CI16>25,"*","")) -> * | CF16: 12.27049 | CG16: 32.54754 | CH16: 5.170943 | CI16: =CH16/CD16*100 -> 25.075458 | CJ16: 11.48 | CK16: =IF(CO16>50,"**",IF(CO16>25,"*","")) -> * | CL16: 6.76 | CM16: 18.85 | CN16: 3.02 | CO16: =CN16/CJ16*100 -> 26.30662 | CP16: 31.02941 | CQ16: =IF(CU16>50,"**",IF(CU16>25,"*","")) | CR16: 21.53803 | CS16: 42.44101 | CT16: 5.394412 | CU16: =CT16/CP16*100 -> 17.384836 | CW16: 33.59956 | CX16: =IF(DB16>50,"**",IF(DB16>25,"*","")) | CY16: 22.85779 | CZ16: 46.35591 | DA16: 6.091593 | DB16: =DA16/CW16*100 -> 18.129978 | DC16: 27.72842 | DD16: =IF(DH16>50,"**",IF(DH16>25,"*","")) | DE16: 20.81126 | DF16: 35.90232 | DG16: 3.868493 | DH16: =DG16/DC16*100 -> 13.951365 | DI16: 30.16696 | DJ16: =IF(DN16>50,"**",IF(DN16>25,"*","")) | DK16: 24.10236 | DL16: 37.01336 | DM16: 3.307342 | DN16: =DM16/DI16*100 -> 10.963458 | DO16: 8.483842 | DP16: =IF(DT16>50,"**",IF(DT16>25,"*","")) -> * | DQ16: 4.9593 | DR16: 14.14057 | DS16: 2.276455 | DT16: =DS16/DO16*100 -> 26.832831 | DU16: 4.38336 | DV16: =IF(DZ16>50,"**",IF(DZ16>25,"*","")) | DW16: 3.125495 | DX16: 6.115498 | DY16: 0.7511824 | DZ16: =DY16/DU16*100 -> 17.137137 | EA16: 8.67734 | EB16: =IF(EF16>50,"**",IF(EF16>25,"*","")) -> * | EC16: 3.542471 | ED16: 19.73263 | EE16: 3.843232 | EF16: =EE16/EA16*100 -> 44.290439 | EG16: 5.863016 | EH16: =IF(EL16>50,"**",IF(EL16>25,"*","")) -> * | EI16: 3.181393 | EJ16: 10.5585 | EK16: 1.800581 | EL16: =EK16/EG16*100 -> 30.710832 | EM16: 2.38069 | EN16: =IF(ER16>50,"**",IF(ER16>25,"*","")) -> * | EO16: 1.251878 | EP16: 4.481158 | EQ16: 0.7757358 | ER16: =EQ16/EM16*100 -> 32.584494 | ES16: 30.37425 | ET16: =IF(EX16>50,"**",IF(EX16>25,"*","")) | EU16: 22.3769 | EV16: 39.76557 | EW16: 4.470162 | EX16: =EW16/ES16*100 -> 14.716946 | EZ16: 56.08576 | FA16: =IF(FE16>50,"**",IF(FE16>25,"*","")) | FB16: 47.51765 | FC16: 64.30581 | FD16: 4.322912 | FE16: =FD16/EZ16*100 -> 7.7076819 | FF16: 82.89689 | FG16: =IF(FK16>50,"**",IF(FK16>25,"*","")) | FH16: 69.3062 | FI16: 91.23123 | FJ16: 5.525422 | FK16: =FJ16/FF16*100 -> 6.6654153 | FL16: 50.59383 | FM16: =IF(FQ16>50,"**",IF(FQ16>25,"*","")) | FN16: 43.44579 | FO16: 57.71768 | FP16: 3.665746 | FQ16: =FP16/FL16*100 -> 7.2454408 | FR16: 69.21581 | FS16: =IF(FW16>50,"**",IF(FW16>25,"*","")) | FT16: 53.85637 | FU16: 81.24325 | FV16: 7.12743 | FW16: =FV16/FR16*100 -> 10.297402 | FX16: 51.77095 | FY16: =IF(GC16>50,"**",IF(GC16>25,"*","")) | FZ16: 39.18255 | GA16: 64.1385 | GB16: 6.503252 | GC16: =GB16/FX16*100 -> 12.561585 | GD16: 74.99951 | GE16: =IF(GI16>50,"**",IF(GI16>25,"*","")) | GF16: 49.59573 | GG16: 90.14413 | GH16: 10.66304 | GI16: =GH16/GD16*100 -> 14.21748 | GJ16: 15.36394 | GK16: =IF(GO16>50,"**",IF(GO16>25,"*","")) -> * | GL16: 8.77576 | GM16: 25.51469 | GN16: 4.212706 | GO16: =GN16/GJ16*100 -> 27.419438
B17: Campaspe (S) | D17: 25.70218 | E17: =IF(I17>25,"*",IF(I17>50,"**","")) | F17: 20.55202 | G17: 31.62913 | H17: 2.831614 | I17: =H17/D17*100 -> 11.017019 | J17: 55.42952 | K17: =IF(O17>25,"*",IF(O17>50,"**","")) | L17: 48.37241 | M17: 62.27431 | N17: 3.569173 | O17: =N17/J17*100 -> 6.4391194 | P17: 18.03242 | Q17: =IF(U17>50,"**",IF(U17>25,"*","")) | R17: 12.22597 | S17: 25.78636 | T17: 3.446644 | U17: =T17/P17*100 -> 19.113597 | V17: 12.10241 | W17: =IF(AA17>50,"**",IF(AA17>25,"*","")) -> * | X17: 7.002748 | Y17: 20.11265 | Z17: 3.275381 | AA17: =Z17/V17*100 -> 27.063874 | AB17: 1.603679 | AC17: =IF(AG17>50,"**",IF(AG17>25,"*","")) -> * | AD17: 0.8970935 | AE17: 2.850791 | AF17: 0.4734213 | AG17: =AF17/AB17*100 -> 29.520952 | AH17: 38.11752 | AI17: =IF(AM17>50,"**",IF(AM17>25,"*","")) | AJ17: 32.52097 | AK17: 44.0485 | AL17: 2.952896 | AM17: =AL17/AH17*100 -> 7.7468209 | AN17: 5.41481 | AO17: =IF(AS17>50,"**",IF(AS17>25,"*","")) | AP17: 3.710346 | AQ17: 7.838532 | AR17: 1.034423 | AS17: =AR17/AN17*100 -> 19.103588 | AT17: 42.82427 | AU17: =IF(AY17>50,"**",IF(AY17>25,"*","")) | AV17: 35.78303 | AW17: 50.16861 | AX17: 3.6948 | AY17: =AX17/AT17*100 -> 8.6278178 | AZ17: 12.89057 | BA17: =IF(BE17>50,"**",IF(BE17>25,"*","")) | BB17: 9.125516 | BC17: 17.903 | BD17: 2.221312 | BE17: =BD17/AZ17*100 -> 17.23207 | BF17: 15.9412 | BG17: =IF(BK17>50,"**",IF(BK17>25,"*","")) | BH17: 11.54804 | BI17: 21.59754 | BJ17: 2.552335 | BK17: =BJ17/BF17*100 -> 16.010934 | BL17: 69.67132 | BM17: =IF(BQ17>50,"**",IF(BQ17>25,"*","")) | BN17: 63.70734 | BO17: 75.03923 | BP17: 2.900104 | BQ17: =BP17/BL17*100 -> 4.1625507 | BR17: 52.925 | BS17: =IF(BW17>50,"**",IF(BW17>25,"*","")) | BT17: 46.39879 | BU17: 59.35271 | BV17: 3.32312 | BW17: =BV17/BR17*100 -> 6.278923 | BX17: 16.39542 | BY17: =IF(CC17>50,"**",IF(CC17>25,"*","")) | BZ17: 12.43835 | CA17: 21.30508 | CB17: 2.255115 | CC17: =CB17/BX17*100 -> 13.754542 | CD17: 18.04218 | CE17: =IF(CI17>50,"**",IF(CI17>25,"*","")) | CF17: 13.24588 | CG17: 24.09289 | CH17: 2.760429 | CI17: =CH17/CD17*100 -> 15.299864 | CJ17: 12.65 | CK17: =IF(CO17>50,"**",IF(CO17>25,"*","")) | CL17: 9.16 | CM17: 17.22 | CN17: 2.04 | CO17: =CN17/CJ17*100 -> 16.126482 | CP17: 26.51513 | CQ17: =IF(CU17>50,"**",IF(CU17>25,"*","")) | CR17: 22.5027 | CS17: 30.95721 | CT17: 2.159609 | CU17: =CT17/CP17*100 -> 8.1448177 | CW17: 30.28012 | CX17: =IF(DB17>50,"**",IF(DB17>25,"*","")) | CY17: 24.53697 | CZ17: 36.71353 | DA17: 3.117818 | DB17: =DA17/CW17*100 -> 10.296584 | DC17: 33.32876 | DD17: =IF(DH17>50,"**",IF(DH17>25,"*","")) | DE17: 24.08588 | DF17: 44.05996 | DG17: 5.154022 | DH17: =DG17/DC17*100 -> 15.464188 | DI17: 29.7268 | DJ17: =IF(DN17>50,"**",IF(DN17>25,"*","")) | DK17: 21.84913 | DL17: 39.02639 | DM17: 4.413873 | DN17: =DM17/DI17*100 -> 14.848127 | DO17: 9.321234 | DP17: =IF(DT17>50,"**",IF(DT17>25,"*","")) | DQ17: 7.070482 | DR17: 12.19445 | DS17: 1.297523 | DT17: =DS17/DO17*100 -> 13.920078 | DU17: 5.978664 | DV17: =IF(DZ17>50,"**",IF(DZ17>25,"*","")) | DW17: 3.886518 | DX17: 9.090511 | DY17: 1.298282 | DZ17: =DY17/DU17*100 -> 21.715253 | EA17: 7.544876 | EB17: =IF(EF17>50,"**",IF(EF17>25,"*","")) | EC17: 5.902801 | ED17: 9.597162 | EE17: 0.9361638 | EF17: =EE17/EA17*100 -> 12.407941 | EG17: 6.651499 | EH17: =IF(EL17>50,"**",IF(EL17>25,"*","")) | EI17: 4.850467 | EJ17: 9.057613 | EK17: 1.060837 | EL17: =EK17/EG17*100 -> 15.948841 | EM17: 2.477424 | EN17: =IF(ER17>50,"**",IF(ER17>25,"*","")) | EO17: 1.525921 | EP17: 3.998158 | EQ17: 0.6093398 | ER17: =EQ17/EM17*100 -> 24.595701 | ES17: 30.88874 | ET17: =IF(EX17>50,"**",IF(EX17>25,"*","")) | EU17: 25.78879 | EV17: 36.50117 | EW17: 2.740818 | EX17: =EW17/ES17*100 -> 8.8731946 | EZ17: 55.87169 | FA17: =IF(FE17>50,"**",IF(FE17>25,"*","")) | FB17: 50.47308 | FC17: 61.13497 | FD17: 2.730048 | FE17: =FD17/EZ17*100 -> 4.8862814 | FF17: 79.82191 | FG17: =IF(FK17>50,"**",IF(FK17>25,"*","")) | FH17: 72.17536 | FI17: 85.78107 | FJ17: 3.46797 | FK17: =FJ17/FF17*100 -> 4.3446342 | FL17: 59.62169 | FM17: =IF(FQ17>50,"**",IF(FQ17>25,"*","")) | FN17: 52.29405 | FO17: 66.54387 | FP17: 3.658972 | FQ17: =FP17/FL17*100 -> 6.1369814 | FR17: 64.63432 | FS17: =IF(FW17>50,"**",IF(FW17>25,"*","")) | FT17: 57.39187 | FU17: 71.26213 | FV17: 3.558526 | FW17: =FV17/FR17*100 -> 5.5056292 | FX17: 53.06897 | FY17: =IF(GC17>50,"**",IF(GC17>25,"*","")) | FZ17: 47.11418 | GA17: 58.93764 | GB17: 3.030206 | GC17: =GB17/FX17*100 -> 5.7099393 | GD17: 82.06054 | GE17: =IF(GI17>50,"**",IF(GI17>25,"*","")) | GF17: 72.64708 | GG17: 88.73665 | GH17: 4.082897 | GI17: =GH17/GD17*100 -> 4.9754693 | GJ17: 15.05939 | GK17: =IF(GO17>50,"**",IF(GO17>25,"*","")) | GL17: 11.48562 | GM17: 19.50017 | GN17: 2.036942 | GO17: =GN17/GJ17*100 -> 13.526059
... B52: Mitchell (S) | D52: 32.17985 | E52: =IF(I52>25,"*",IF(I52>50,"**","")) | F52: 26.72502 | G52: 38.16811 | H52: 2.929543 | I52: =H52/D52*100 -> 9.1036565 | J52: 62.65494 | K52: =IF(O52>25,"*",IF(O52>50,"**","")) | L52: 55.5973 | M52: 69.21201 | N52: 3.493093 | O52: =N52/J52*100 -> 5.5751278 | P52: 21.68523 | Q52: =IF(U52>50,"**",IF(U52>25,"*","")) | R52: 15.80277 | S52: 29.00312 | T52: 3.369389 | U52: =T52/P52*100 -> 15.537714 | V52: 16.45421 | W52: =IF(AA52>50,"**",IF(AA52>25,"*","")) | X52: 10.16435 | Y52: 25.5302 | Z52: 3.887485 | AA52: =Z52/V52*100 -> 23.626081 | AB52: 1.781487 | AC52: =IF(AG52>50,"**",IF(AG52>25,"*","")) -> * | AD52: 0.7195301 | AE52: 4.342239 | AF52: 0.8189396 | AG52: =AF52/AB52*100 -> 45.96944 | AH52: 38.99552 | AI52: =IF(AM52>50,"**",IF(AM52>25,"*","")) | AJ52: 32.58987 | AK52: 45.8047 | AL52: 3.389793 | AM52: =AL52/AH52*100 -> 8.6927755 | AN52: 5.683312 | AO52: =IF(AS52>50,"**",IF(AS52>25,"*","")) -> * | AP52: 3.152312 | AQ52: 10.03588 | AR52: 1.684309 | AS52: =AR52/AN52*100 -> 29.636047 | AT52: 38.48811 | AU52: =IF(AY52>50,"**",IF(AY52>25,"*","")) | AV52: 32.13712 | AW52: 45.25717 | AX52: 3.365092 | AY52: =AX52/AT52*100 -> 8.7431989 | AZ52: 17.25991 | BA52: =IF(BE52>50,"**",IF(BE52>25,"*","")) | BB52: 12.34648 | BC52: 23.60219 | BD52: 2.861245 | BE52: =BD52/AZ52*100 -> 16.577404 | BF52: 23.66143 | BG52: =IF(BK52>50,"**",IF(BK52>25,"*","")) | BH52: 17.94983 | BI52: 30.51455 | BJ52: 3.210865 | BK52: =BJ52/BF52*100 -> 13.570038 | BL52: 66.56403 | BM52: =IF(BQ52>50,"**",IF(BQ52>25,"*","")) | BN52: 60.49883 | BO52: 72.127 | BP52: 2.977733 | BQ52: =BP52/BL52*100 -> 4.4734867 | BR52: 49.8711 | BS52: =IF(BW52>50,"**",IF(BW52>25,"*","")) | BT52: 43.19522 | BU52: 56.55158 | BV52: 3.427656 | BW52: =BV52/BR52*100 -> 6.8730307 | BX52: 25.13006 | BY52: =IF(CC52>50,"**",IF(CC52>25,"*","")) | BZ52: 19.54995 | CA52: 31.67579 | CB52: 3.100329 | CC52: =CB52/BX52*100 -> 12.337133 | CD52: 23.8249 | CE52: =IF(CI52>50,"**",IF(CI52>25,"*","")) | CF52: 18.2016 | CG52: 30.53692 | CH52: 3.152293 | CI52: =CH52/CD52*100 -> 13.231086 | CJ52: 21.79 | CK52: =IF(CO52>50,"**",IF(CO52>25,"*","")) | CL52: 16.05 | CM52: 28.87 | CN52: 3.27 | CO52: =CN52/CJ52*100 -> 15.006884 | CP52: 28.62874 | CQ52: =IF(CU52>50,"**",IF(CU52>25,"*","")) | CR52: 24.51419 | CS52: 33.13078 | CT52: 2.201774 | CU52: =CT52/CP52*100 -> 7.6907821 | CW52: 32.92092 | CX52: =IF(DB52>50,"**",IF(DB52>25,"*","")) | CY52: 26.56627 | CZ52: 39.9683 | DA52: 3.436078 | DB52: =DA52/CW52*100 -> 10.437369 | DC52: 26.99925 | DD52: =IF(DH52>50,"**",IF(DH52>25,"*","")) | DE52: 22.6107 | DF52: 31.8886 | DG52: 2.370793 | DH52: =DG52/DC52*100 -> 8.7809587 | DI52: 23.89048 | DJ52: =IF(DN52>50,"**",IF(DN52>25,"*","")) | DK52: 18.28224 | DL52: 30.57542 | DM52: 3.141587 | DN52: =DM52/DI52*100 -> 13.149953 | DO52: 7.590014 | DP52: =IF(DT52>50,"**",IF(DT52>25,"*","")) | DQ52: 5.68929 | DR52: 10.05803 | DS52: 1.104344 | DT52: =DS52/DO52*100 -> 14.54996 | DU52: 7.034552 | DV52: =IF(DZ52>50,"**",IF(DZ52>25,"*","")) | DW52: 4.90786 | DX52: 9.986017 | DY52: 1.276603 | DZ52: =DY52/DU52*100 -> 18.147609 | EA52: 9.244268 | EB52: =IF(EF52>50,"**",IF(EF52>25,"*","")) | EC52: 7.060568 | ED52: 12.01603 | EE52: 1.255242 | EF52: =EE52/EA52*100 -> 13.578598 | EG52: 6.066007 | EH52: =IF(EL52>50,"**",IF(EL52>25,"*","")) | EI52: 4.398036 | EJ52: 8.311567 | EK52: 0.9859291 | EL52: =EK52/EG52*100 -> 16.253346 | EM52: 2.323108 | EN52: =IF(ER52>50,"**",IF(ER52>25,"*","")) -> * | EO52: 1.356188 | EP52: 3.951796 | EQ52: 0.6345131 | ER52: =EQ52/EM52*100 -> 27.313112 | ES52: 30.71719 | ET52: =IF(EX52>50,"**",IF(EX52>25,"*","")) | EU52: 26.21833 | EV52: 35.61538 | EW52: 2.402589 | EX52: =EW52/ES52*100 -> 7.8216432 | EZ52: 59.12607 | FA52: =IF(FE52>50,"**",IF(FE52>25,"*","")) | FB52: 54.12777 | FC52: 63.94256 | FD52: 2.511519 | FE52: =FD52/EZ52*100 -> 4.2477354 | FF52: 82.73869 | FG52: =IF(FK52>50,"**",IF(FK52>25,"*","")) | FH52: 75.62593 | FI52: 88.10238 | FJ52: 3.169193 | FK52: =FJ52/FF52*100 -> 3.830364 | FL52: 57.95767 | FM52: =IF(FQ52>50,"**",IF(FQ52>25,"*","")) | FN52: 51.30388 | FO52: 64.33434 | FP52: 3.342527 | FQ52: =FP52/FL52*100 -> 5.7671866 | FR52: 51.79127 | FS52: =IF(FW52>50,"**",IF(FW52>25,"*","")) | FT52: 43.62808 | FU52: 59.85994 | FV52: 4.177428 | FW52: =FV52/FR52*100 -> 8.0658922 | FX52: 44.93652 | FY52: =IF(GC52>50,"**",IF(GC52>25,"*","")) | FZ52: 38.03373 | GA52: 52.03999 | GB52: 3.596295 | GC52: =GB52/FX52*100 -> 8.0030563 | GD52: 81.33276 | GE52: =IF(GI52>50,"**",IF(GI52>25,"*","")) | GF52: 71.78034 | GG52: 88.18394 | GH52: 4.168431 | GI52: =GH52/GD52*100 -> 5.1251562 | GJ52: 17.78981 | GK52: =IF(GO52>50,"**",IF(GO52>25,"*","")) | GL52: 13.02463 | GM52: 23.8209 | GN52: 2.746843 | GO52: =GN52/GJ52*100 -> 15.440542
D53: 2017 Victorian Population Health Survey
D54: Proportion (%) of adults (18+ years), with selected risk factors, chronic disease and screening tests, by local government area, Victoria, 2017 (continued)
D55: Modifiable risk factorsa | CW55: Doctor diagnosed chronic diseasea | EZ55: Screening tests and treatmenta, b
A56: Local Government Area | D56: Obese | F56: OB_LL_2017 | G56: OB_UL_2017 | H56: OB_SE_2017 | I56: OB_RSE_2017 | J56: Overweight | L56: OW_LL_2017 | M56: OW_UL_2017 | N56: OW_SE_2017 | O56: OW_RSE_2017 | P56: Daily consumer of sugar sweetened soft drinks | R56: SSB_LL_2017 | S56: SSB_UL_2017 | T56: SSB_SE_2017 | U56: SSB_RSE_ | V56: Take-away food consumed > 1 day/week | X56: TA_LL_2017 | Y56: TA_UL_2017 | Z56: TA_SE_2017 | AA56: TA_RSE_2017 | AB56: Sedentary (inactive) | AD56: SED_LL_2017 | AE56: SED_UL_2017 | AF56: SED_SE_2017 | AG56: SED_RSE_2017 | AH56: Insufficiently physically active | AJ56: INSUF_LL_2017 | AK56: INSUF_UL_2017 | AL56: INSUF_SE_2017 | AM56: INSUF_RSE_2017 | AN56: Complied with vegetable consumption guidelines | AP56: veg_13_LL_2017 | AQ56: veg_13_UL_2017 | AR56: veg_13_SE_2017 | AS56: veg_13_RSE_2017 | AT56: Complied with fruit consumption guidelines | AV56: frt_13_LL_2017 | AW56: frt_13_UL_2017 | AX56: frt_13_SE_2017 | AY56: frt_13_RSE_2017 | AZ56: Daily smoker | BB56: daily_smoker_LL_2017 | BC56: daily_smoker_UL_2017 | BD56: daily_smoker_SE_2017 | BE56: daily_smoker_RSE_2017 | BF56: Current (i.e. daily or occasional) smoker | BH56: smoker_LL_2017 | BI56: smoker_UL_2017 | BJ56: smoker_SE_2017 | BK56: smoker_RSE_2017 | BL56: Increased lifetime risk of alcohol-related harm | BN56: alc_lt09_LL_2017 | BO56: alc_lt09_UL_2017 | BP56: alc_lt09_SE_2017 | BQ56: alc_lt09_RSE_2017 | BR56: Increased risk of injury from a single occasion of drinking | BT56: alc_so09_LL_2017 | BU56: alc_so09_UL_2017 | BV56: alc_so09_SE_2017 | BW56: alc_so09_RSE_2017 | BX56: Fair or poor self-reported health | BZ56: srh_LL_2017 | CA56: srh_UL_2017 | CB56: srh_SE_2017 | CC56: srh_RSE_2017 | CD56: Low or medium life satisfaction | CF56: sat_cat2_LL_2017 | CG56: sat_cat2_UL_2017 | CH56: sat_cat2_SE_2017 | CI56: sat_cat2_RSE_2017 | CJ56: High, or very high, levels of psychological distress | CL56: k10scr3_LL_2017 | CM56: k10scr3_UL_2017 | CN56: k10scr3_SE_2017 | CO56: k10scr3_RSE_2017 | CP56: Doctor diagnosed hypertension | CR56: highbp_LL_2017 | CS56: highbp_UL_2017 | CT56: highbp_SE_2017 | CU56: highbp_RSE | CW56: Anxiety or depression | CY56: depression_LL_2017 | CZ56: depression_UL_2017 | DA56: depression_SE_2017 | DB56: depression_RSE_2017 | DC56: Arthritis | DE56: arthritis_LL_2017 | DF56: arthritis_UL_2017 | DG56: arthritis_SE_2017 | DH56: arthritis_RSE_2017 | DI56: Asthma (ever diagnosed) | DK56: asthma_LL_2017 | DL56: asthma_UL_2017 | DM56: asthma_SE_2017 | DN56: asthma_RSE_2017 | DO56: Cancer | DQ56: cancer_LL_2017 | DR56: cancer_UL_2017 | DS56: cancer_SE_2017 | DT56: cancer_RSE_2017 | DU56: Type 2 diabetes | DW56: type2_dm_LL_2017 | DX56: type2_dm_UL_2017 | DY56: type2_dm_SE_2017 | DZ56: type2_dm_RSE | EA56: Heart disease | EC56: heart_LL_2017 | ED56: heart_UL_2017 | EE56: heart_SE_2017 | EF56: heart_RSE_2017 | EG56: Osteoporosis | EI56: osteoporosis_LL_2017 | EJ56: osteoporosis_UL_2017 | EK56: osteoporosis_SE_2017 | EL56: osteoporosis_RSE_2017 | EM56: Stroke | EO56: stroke_LL_2017 | EP56: stroke_UL_2017 | EQ56: stroke_SE_2017 | ER56: stroke_RSE_2017 | ES56: Two, or more, chronic diseases | EU56: multimorb_LL_2017 | EV56: multimorb_UL_2017 | EW56: multimorb_SE_2017 | EX56: multimorb_RSE_2017 | EZ56: Had a blood-lipids test in last 2 yearsa | FB56: chol_chk_LL_2017 | FC56: chol_chk_UL_2017 | FD56: chol_chk_SE_2017 | FE56: chol_chk_RSE | FF56: Had a blood-pressure test in last 2 yearsa | FH56: bp_chk_LL_2017 | FI56: bp_chk_UL_2017 | FJ56: bp_chk_SE_2017 | FK56: bp_chk_RSE | FL56: Had a blood-glucose test in last 2 yearsa | FN56: diab_chk_LL_2017 | FO56: diab_chk_UL_2017 | FP56: diab_chk_SE_2017 | FQ56: diab_chk_RSE | FR56: Had a faecal occult blood test (50+ years of age)b | FT56: fobt_LL_2017 | FU56: fobt_UL_2017 | FV56: fobt_SE_2017 | FW56: fobt_RSE | FX56: Had a bowel exam to detect cancer (last 5 years)b | FZ56: bwlexm_LL_2017 | GA56: bwlexm_UL_2017 | GB56: bwlexm_SE_2017 | GC56: bwlexm_RSE | GD56: Had a mammogram to detect cancer in last 2 yearsb | GF56: mgrm2yrs_LL_2017 | GG56: mgrm2yrs_UL_2017 | GH56: mgrm2yrs_SE_2017 | GI56: mgrm2yrs_RSE | GJ56: Sought help for a mental health related problemb | GL56: mh_prob_LL_2017 | GM56: mh_prob_UL_2017 | GN56: mh_prob_SE_2017 | GO56: mh_prob_RSE
B57: Moira (S) | D57: 25.80936 | E57: =IF(I57>25,"*",IF(I57>50,"**","")) | F57: 19.47631 | G57: 33.34884 | H57: 3.55066 | I57: =H57/D57*100 -> 13.757257 | J57: 59.36357 | K57: =IF(O57>25,"*",IF(O57>50,"**","")) | L57: 51.52044 | M57: 66.75657 | N57: 3.916014 | O57: =N57/J57*100 -> 6.5966619 | P57: 21.56667 | Q57: =IF(U57>50,"**",IF(U57>25,"*","")) | R57: 14.90502 | S57: 30.15075 | T57: 3.891955 | U57: =T57/P57*100 -> 18.046156 | V57: 14.53553 | W57: =IF(AA57>50,"**",IF(AA57>25,"*","")) | X57: 11.17836 | Y57: 18.68882 | Z57: 1.908668 | AA57: =Z57/V57*100 -> 13.131052 | AB57: 1.515073 | AC57: =IF(AG57>50,"**",IF(AG57>25,"*","")) -> * | AD57: 0.7411768 | AE57: 3.07202 | AF57: 0.5502523 | AG57: =AF57/AB57*100 -> 36.318534 | AH57: 47.29247 | AI57: =IF(AM57>50,"**",IF(AM57>25,"*","")) | AJ57: 39.84144 | AK57: 54.86609 | AL57: 3.861904 | AM57: =AL57/AH57*100 -> 8.1660019 | AN57: 5.146363 | AO57: =IF(AS57>50,"**",IF(AS57>25,"*","")) | AP57: 3.477202 | AQ57: 7.554064 | AR57: 1.019886 | AS57: =AR57/AN57*100 -> 19.817607 | AT57: 39.11346 | AU57: =IF(AY57>50,"**",IF(AY57>25,"*","")) | AV57: 32.24844 | AW57: 46.43822 | AX57: 3.643025 | AY57: =AX57/AT57*100 -> 9.3139932 | AZ57: 19.68824 | BA57: =IF(BE57>50,"**",IF(BE57>25,"*","")) | BB57: 13.94932 | BC57: 27.04612 | BD57: 3.336678 | BE57: =BD57/AZ57*100 -> 16.947569 | BF57: 24.00129 | BG57: =IF(BK57>50,"**",IF(BK57>25,"*","")) | BH57: 17.99786 | BI57: 31.24425 | BJ57: 3.38641 | BK57: =BJ57/BF57*100 -> 14.109283 | BL57: 68.27542 | BM57: =IF(BQ57>50,"**",IF(BQ57>25,"*","")) | BN57: 60.92229 | BO57: 74.81687 | BP57: 3.562923 | BQ57: =BP57/BL57*100 -> 5.2184564 | BR57: 51.5134 | BS57: =IF(BW57>50,"**",IF(BW57>25,"*","")) | BT57: 44.22827 | BU57: 58.73477 | BV57: 3.726838 | BW57: =BV57/BR57*100 -> 7.2346962 | BX57: 26.36196 | BY57: =IF(CC57>50,"**",IF(CC57>25,"*","")) | BZ57: 19.4776 | CA57: 34.63303 | CB57: 3.882718 | CC57: =CB57/BX57*100 -> 14.728488 | CD57: 18.80932 | CE57: =IF(CI57>50,"**",IF(CI57>25,"*","")) | CF57: 13.5101 | CG57: 25.57254 | CH57: 3.070919 | CI57: =CH57/CD57*100 -> 16.326582 | CJ57: 14.62 | CK57: =IF(CO57>50,"**",IF(CO57>25,"*","")) | CL57: 9.67 | CM57: 21.51 | CN57: 2.99 | CO57: =CN57/CJ57*100 -> 20.451436 | CP57: 28.21177 | CQ57: =IF(CU57>50,"**",IF(CU57>25,"*","")) | CR57: 21.80081 | CS57: 35.64856 | CT57: 3.547583 | CU57: =CT57/CP57*100 -> 12.574833 | CW57: 34.55168 | CX57: =IF(DB57>50,"**",IF(DB57>25,"*","")) | CY57: 28.37801 | CZ57: 41.29409 | DA57: 3.311011 | DB57: =DA57/CW57*100 -> 9.5827786 | DC57: 24.78203 | DD57: =IF(DH57>50,"**",IF(DH57>25,"*","")) | DE57: 21.09292 | DF57: 28.88021 | DG57: 1.988245 | DH57: =DG57/DC57*100 -> 8.0229303 | DI57: 26.87468 | DJ57: =IF(DN57>50,"**",IF(DN57>25,"*","")) | DK57: 20.56907 | DL57: 34.27911 | DM57: 3.510354 | DN57: =DM57/DI57*100 -> 13.061938 | DO57: 9.624613 | DP57: =IF(DT57>50,"**",IF(DT57>25,"*","")) | DQ57: 7.072489 | DR57: 12.96915 | DS57: 1.490925 | DT57: =DS57/DO57*100 -> 15.490753 | DU57: 5.464098 | DV57: =IF(DZ57>50,"**",IF(DZ57>25,"*","")) | DW57: 3.934362 | DX57: 7.541923 | DY57: 0.9079123 | DZ57: =DY57/DU57*100 -> 16.615959 | EA57: 8.361214 | EB57: =IF(EF57>50,"**",IF(EF57>25,"*","")) | EC57: 6.476069 | ED57: 10.73214 | EE57: 1.078356 | EF57: =EE57/EA57*100 -> 12.897122 | EG57: 5.928947 | EH57: =IF(EL57>50,"**",IF(EL57>25,"*","")) | EI57: 3.995897 | EJ57: 8.712264 | EK57: 1.180683 | EL57: =EK57/EG57*100 -> 19.913873 | EM57: 2.914003 | EN57: =IF(ER57>50,"**",IF(ER57>25,"*","")) | EO57: 1.946204 | EP57: 4.341755 | EQ57: 0.5969359 | ER57: =EQ57/EM57*100 -> 20.485082 | ES57: 35.95479 | ET57: =IF(EX57>50,"**",IF(EX57>25,"*","")) | EU57: 30.04763 | EV57: 42.32068 | EW57: 3.145102 | EX57: =EW57/ES57*100 -> 8.7473797 | EZ57: 55.3583 | FA57: =IF(FE57>50,"**",IF(FE57>25,"*","")) | FB57: 48.32936 | FC57: 62.17933 | FD57: 3.555676 | FE57: =FD57/EZ57*100 -> 6.4230224 | FF57: 77.98144 | FG57: =IF(FK57>50,"**",IF(FK57>25,"*","")) | FH57: 70.40984 | FI57: 84.05436 | FJ57: 3.483894 | FK57: =FJ57/FF57*100 -> 4.4675938 | FL57: 54.86742 | FM57: =IF(FQ57>50,"**",IF(FQ57>25,"*","")) | FN57: 47.39625 | FO57: 62.12542 | FP57: 3.784639 | FQ57: =FP57/FL57*100 -> 6.8977893 | FR57: 63.71224 | FS57: =IF(FW57>50,"**",IF(FW57>25,"*","")) | FT57: 55.76323 | FU57: 70.97631 | FV57: 3.908149 | FW57: =FV57/FR57*100 -> 6.1340631 | FX57: 49.66182 | FY57: =IF(GC57>50,"**",IF(GC57>25,"*","")) | FZ57: 43.41588 | GA57: 55.91834 | GB57: 3.20607 | GC57: =GB57/FX57*100 -> 6.4558045 | GD57: 87.90624 | GE57: =IF(GI57>50,"**",IF(GI57>25,"*","")) | GF57: 80.11438 | GG57: 92.91499 | GH57: 3.200494 | GI57: =GH57/GD57*100 -> 3.6408041 | GJ57: 17.66171 | GK57: =IF(GO57>50,"**",IF(GO57>25,"*","")) | GL57: 13.30763 | GM57: 23.06141 | GN57: 2.482474 | GO57: =GN57/GJ57*100 -> 14.055683
B58: Monash (C) | D58: 13.07402 | E58: =IF(I58>25,"*",IF(I58>50,"**","")) | F58: 9.567253 | G58: 17.61577 | H58: 2.039993 | I58: =H58/D58*100 -> 15.60341 | J58: 42.52816 | K58: =IF(O58>25,"*",IF(O58>50,"**","")) | L58: 36.99367 | M58: 48.25647 | N58: 2.885062 | O58: =N58/J58*100 -> 6.7838863 | P58: 6.508046 | Q58: =IF(U58>50,"**",IF(U58>25,"*","")) | R58: 4.171612 | S58: 10.01629 | T58: 1.457213 | U58: =T58/P58*100 -> 22.390945 | V58: 14.06615 | W58: =IF(AA58>50,"**",IF(AA58>25,"*","")) | X58: 10.13012 | Y58: 19.20472 | Z58: 2.300571 | AA58: =Z58/V58*100 -> 16.355371 | AB58: 3.148371 | AC58: =IF(AG58>50,"**",IF(AG58>25,"*","")) -> * | AD58: 1.693773 | AE58: 5.778734 | AF58: 0.9876182 | AG58: =AF58/AB58*100 -> 31.369181 | AH58: 49.51715 | AI58: =IF(AM58>50,"**",IF(AM58>25,"*","")) | AJ58: 43.96039 | AK58: 55.08585 | AL58: 2.849874 | AM58: =AL58/AH58*100 -> 5.7553272 | AN58: 4.185142 | AO58: =IF(AS58>50,"**",IF(AS58>25,"*","")) | AP58: 2.734237 | AQ58: 6.355654 | AR58: 0.9016539 | AS58: =AR58/AN58*100 -> 21.544165 | AT58: 41.21249 | AU58: =IF(AY58>50,"**",IF(AY58>25,"*","")) | AV58: 35.77864 | AW58: 46.86932 | AX58: 2.840496 | AY58: =AX58/AT58*100 -> 6.8923183 | AZ58: 9.499371 | BA58: =IF(BE58>50,"**",IF(BE58>25,"*","")) | BB58: 6.425046 | BC58: 13.82736 | BD58: 1.861601 | BE58: =BD58/AZ58*100 -> 19.597098 | BF58: 13.58679 | BG58: =IF(BK58>50,"**",IF(BK58>25,"*","")) | BH58: 9.898156 | BI58: 18.36978 | BJ58: 2.147746 | BK58: =BJ58/BF58*100 -> 15.807604 | BL58: 45.13902 | BM58: =IF(BQ58>50,"**",IF(BQ58>25,"*","")) | BN58: 39.51509 | BO58: 50.88992 | BP58: 2.914181 | BQ58: =BP58/BL58*100 -> 6.456013 | BR58: 28.58928 | BS58: =IF(BW58>50,"**",IF(BW58>25,"*","")) | BT58: 23.83191 | BU58: 33.87398 | BV58: 2.567566 | BW58: =BV58/BR58*100 -> 8.9808698 | BX58: 20.95889 | BY58: =IF(CC58>50,"**",IF(CC58>25,"*","")) | BZ58: 16.5081 | CA58: 26.23263 | CB58: 2.480589 | CC58: =CB58/BX58*100 -> 11.835498 | CD58: 19.06672 | CE58: =IF(CI58>50,"**",IF(CI58>25,"*","")) | CF58: 14.76959 | CG58: 24.25823 | CH58: 2.417849 | CI58: =CH58/CD58*100 -> 12.680991 | CJ58: 15.24 | CK58: =IF(CO58>50,"**",IF(CO58>25,"*","")) | CL58: 11.36 | CM58: 20.15 | CN58: 2.23 | CO58: =CN58/CJ58*100 -> 14.632546 | CP58: 23.77676 | CQ58: =IF(CU58>50,"**",IF(CU58>25,"*","")) | CR58: 19.77995 | CS58: 28.29631 | CT58: 2.174282 | CU58: =CT58/CP58*100 -> 9.1445681 | CW58: 16.38665 | CX58: =IF(DB58>50,"**",IF(DB58>25,"*","")) | CY58: 12.38344 | CZ58: 21.36836 | DA58: 2.284976 | DB58: =DA58/CW58*100 -> 13.944131 | DC58: 19.37648 | DD58: =IF(DH58>50,"**",IF(DH58>25,"*","")) | DE58: 15.58888 | DF58: 23.8246 | DG58: 2.099452 | DH58: =DG58/DC58*100 -> 10.835054 | DI58: 19.18234 | DJ58: =IF(DN58>50,"**",IF(DN58>25,"*","")) | DK58: 14.84579 | DL58: 24.42233 | DM58: 2.440387 | DN58: =DM58/DI58*100 -> 12.722051 | DO58: 8.871847 | DP58: =IF(DT58>50,"**",IF(DT58>25,"*","")) | DQ58: 5.997271 | DR58: 12.93466 | DS58: 1.743287 | DT58: =DS58/DO58*100 -> 19.649651 | DU58: 5.600087 | DV58: =IF(DZ58>50,"**",IF(DZ58>25,"*","")) | DW58: 3.746193 | DX58: 8.292388 | DY58: 1.136817 | DZ58: =DY58/DU58*100 -> 20.299988 | EA58: 6.362689 | EB58: =IF(EF58>50,"**",IF(EF58>25,"*","")) | EC58: 4.585546 | ED58: 8.765298 | EE58: 1.052767 | EF58: =EE58/EA58*100 -> 16.545945 | EG58: 6.815961 | EH58: =IF(EL58>50,"**",IF(EL58>25,"*","")) | EI58: 4.590652 | EJ58: 10.00684 | EK58: 1.357245 | EL58: =EK58/EG58*100 -> 19.912746 | EM58: 1.59301 | EN58: =IF(ER58>50,"**",IF(ER58>25,"*","")) -> * | EO58: 0.6920946 | EP58: 3.623874 | EQ58: 0.6740476 | ER58: =EQ58/EM58*100 -> 42.312829 | ES58: 22.54841 | ET58: =IF(EX58>50,"**",IF(EX58>25,"*","")) | EU58: 18.36205 | EV58: 27.36923 | EW58: 2.298977 | EX58: =EW58/ES58*100 -> 10.195739 | EZ58: 56.82913 | FA58: =IF(FE58>50,"**",IF(FE58>25,"*","")) | FB58: 51.71288 | FC58: 61.8037 | FD58: 2.582761 | FE58: =FD58/EZ58*100 -> 4.5447836 | FF58: 71.98233 | FG58: =IF(FK58>50,"**",IF(FK58>25,"*","")) | FH58: 66.55953 | FI58: 76.83186 | FJ58: 2.626453 | FK58: =FJ58/FF58*100 -> 3.6487469 | FL58: 50.82519 | FM58: =IF(FQ58>50,"**",IF(FQ58>25,"*","")) | FN58: 45.45094 | FO58: 56.18044 | FP58: 2.747641 | FQ58: =FP58/FL58*100 -> 5.4060614 | FR58: 60.36663 | FS58: =IF(FW58>50,"**",IF(FW58>25,"*","")) | FT58: 48.62796 | FU58: 71.02143 | FV58: 5.805935 | FW58: =FV58/FR58*100 -> 9.6177888 | FX58: 47.07312 | FY58: =IF(GC58>50,"**",IF(GC58>25,"*","")) | FZ58: 38.92426 | GA58: 55.38105 | GB58: 4.236411 | GC58: =GB58/FX58*100 -> 8.9996393 | GD58: 88.57493 | GE58: =IF(GI58>50,"**",IF(GI58>25,"*","")) | GF58: 76.26772 | GG58: 94.92454 | GH58: 4.546262 | GI58: =GH58/GD58*100 -> 5.1326735 | GJ58: 15.55574 | GK58: =IF(GO58>50,"**",IF(GO58>25,"*","")) | GL58: 11.43904 | GM58: 20.80592 | GN58: 2.379154 | GO58: =GN58/GJ58*100 -> 15.29438
B59: Moonee Valley (C) | D59: 12.54954 | E59: =IF(I59>25,"*",IF(I59>50,"**","")) | F59: 9.268805 | G59: 16.77679 | H59: 1.902936 | I59: =H59/D59*100 -> 15.163392 | J59: 47.64528 | K59: =IF(O59>25,"*",IF(O59>50,"**","")) | L59: 41.67354 | M59: 53.68511 | N59: 3.078954 | O59: =N59/J59*100 -> 6.4622435 | P59: 6.351242 | Q59: =IF(U59>50,"**",IF(U59>25,"*","")) | R59: 4.260085 | S59: 9.368445 | T59: 1.278905 | U59: =T59/P59*100 -> 20.136298 | V59: 23.68981 | W59: =IF(AA59>50,"**",IF(AA59>25,"*","")) | X59: 17.86802 | Y59: 30.69945 | Z59: 3.27933 | AA59: =Z59/V59*100 -> 13.842787 | AB59: 4.672186 | AC59: =IF(AG59>50,"**",IF(AG59>25,"*","")) -> * | AD59: 2.297861 | AE59: 9.267144 | AF59: 1.668477 | AG59: =AF59/AB59*100 -> 35.710843 | AH59: 36.68008 | AI59: =IF(AM59>50,"**",IF(AM59>25,"*","")) | AJ59: 31.03451 | AK59: 42.71653 | AL59: 2.992522 | AM59: =AL59/AH59*100 -> 8.1584391 | AN59: 4.376367 | AO59: =IF(AS59>50,"**",IF(AS59>25,"*","")) | AP59: 2.757395 | AQ59: 6.878662 | AR59: 1.022112 | AS59: =AR59/AN59*100 -> 23.355262 | AT59: 47.47225 | AU59: =IF(AY59>50,"**",IF(AY59>25,"*","")) | AV59: 41.61178 | AW59: 53.40318 | AX59: 3.021979 | AY59: =AX59/AT59*100 -> 6.36578 | AZ59: 9.349328 | BA59: =IF(BE59>50,"**",IF(BE59>25,"*","")) | BB59: 6.323563 | BC59: 13.61251 | BD59: 1.832757 | BE59: =BD59/AZ59*100 -> 19.603088 | BF59: 15.34788 | BG59: =IF(BK59>50,"**",IF(BK59>25,"*","")) | BH59: 11.18561 | BI59: 20.69801 | BJ59: 2.415117 | BK59: =BJ59/BF59*100 -> 15.735835 | BL59: 64.16935 | BM59: =IF(BQ59>50,"**",IF(BQ59>25,"*","")) | BN59: 58.47255 | BO59: 69.49239 | BP59: 2.821425 | BQ59: =BP59/BL59*100 -> 4.3968421 | BR59: 46.64904 | BS59: =IF(BW59>50,"**",IF(BW59>25,"*","")) | BT59: 40.73217 | BU59: 52.66172 | BV59: 3.057692 | BW59: =BV59/BR59*100 -> 6.5546729 | BX59: 17.70139 | BY59: =IF(CC59>50,"**",IF(CC59>25,"*","")) | BZ59: 13.71606 | CA59: 22.54218 | CB59: 2.247335 | CC59: =CB59/BX59*100 -> 12.695811 | CD59: 19.92386 | CE59: =IF(CI59>50,"**",IF(CI59>25,"*","")) | CF59: 15.26814 | CG59: 25.57082 | CH59: 2.626413 | CI59: =CH59/CD59*100 -> 13.18225 | CJ59: 12.45 | CK59: =IF(CO59>50,"**",IF(CO59>25,"*","")) | CL59: 8.95 | CM59: 17.06 | CN59: 2.05 | CO59: =CN59/CJ59*100 -> 16.465863 | CP59: 23.82398 | CQ59: =IF(CU59>50,"**",IF(CU59>25,"*","")) | CR59: 19.89151 | CS59: 28.25963 | CT59: 2.136396 | CU59: =CT59/CP59*100 -> 8.9674185 | CW59: 30.37751 | CX59: =IF(DB59>50,"**",IF(DB59>25,"*","")) | CY59: 24.98557 | CZ59: 36.36889 | DA59: 2.913373 | DB59: =DA59/CW59*100 -> 9.5905589 | DC59: 15.22883 | DD59: =IF(DH59>50,"**",IF(DH59>25,"*","")) | DE59: 12.45772 | DF59: 18.4862 | DG59: 1.534752 | DH59: =DG59/DC59*100 -> 10.077938 | DI59: 21.45446 | DJ59: =IF(DN59>50,"**",IF(DN59>25,"*","")) | DK59: 16.99424 | DL59: 26.70863 | DM59: 2.478589 | DN59: =DM59/DI59*100 -> 11.552791 | DO59: 8.030866 | DP59: =IF(DT59>50,"**",IF(DT59>25,"*","")) | DQ59: 6.008541 | DR59: 10.65668 | DS59: 1.175174 | DT59: =DS59/DO59*100 -> 14.633216 | DU59: 3.250122 | DV59: =IF(DZ59>50,"**",IF(DZ59>25,"*","")) | DW59: 2.019139 | DX59: 5.191818 | DY59: 0.7839661 | DZ59: =DY59/DU59*100 -> 24.121128 | EA59: 6.591474 | EB59: =IF(EF59>50,"**",IF(EF59>25,"*","")) | EC59: 4.81703 | ED59: 8.958049 | EE59: 1.044277 | EF59: =EE59/EA59*100 -> 15.842845 | EG59: 4.786386 | EH59: =IF(EL59>50,"**",IF(EL59>25,"*","")) | EI59: 3.484875 | EJ59: 6.541035 | EK59: 0.7694252 | EL59: =EK59/EG59*100 -> 16.075285 | EM59: 2.138468 | EN59: =IF(ER59>50,"**",IF(ER59>25,"*","")) -> * | EO59: 1.240271 | EP59: 3.663008 | EQ59: 0.5913975 | ER59: =EQ59/EM59*100 -> 27.655195 | ES59: 23.0273 | ET59: =IF(EX59>50,"**",IF(EX59>25,"*","")) | EU59: 19.03262 | EV59: 27.57487 | EW59: 2.180481 | EX59: =EW59/ES59*100 -> 9.4691127 | EZ59: 55.62487 | FA59: =IF(FE59>50,"**",IF(FE59>25,"*","")) | FB59: 49.95169 | FC59: 61.15506 | FD59: 2.869843 | FE59: =FD59/EZ59*100 -> 5.1592804 | FF59: 78.20118 | FG59: =IF(FK59>50,"**",IF(FK59>25,"*","")) | FH59: 72.61801 | FI59: 82.91379 | FJ59: 2.627453 | FK59: =FJ59/FF59*100 -> 3.3598636 | FL59: 47.62604 | FM59: =IF(FQ59>50,"**",IF(FQ59>25,"*","")) | FN59: 41.84747 | FO59: 53.46888 | FP59: 2.978017 | FQ59: =FP59/FL59*100 -> 6.2529175 | FR59: 61.18355 | FS59: =IF(FW59>50,"**",IF(FW59>25,"*","")) | FT59: 52.61695 | FU59: 69.1106 | FV59: 4.243842 | FW59: =FV59/FR59*100 -> 6.9362468 | FX59: 41.1849 | FY59: =IF(GC59>50,"**",IF(GC59>25,"*","")) | FZ59: 34.60156 | GA59: 48.09957 | GB59: 3.463674 | GC59: =GB59/FX59*100 -> 8.4100581 | GD59: 83.48997 | GE59: =IF(GI59>50,"**",IF(GI59>25,"*","")) | GF59: 74.53552 | GG59: 89.72952 | GH59: 3.84484 | GI59: =GH59/GD59*100 -> 4.605152 | GJ59: 19.44763 | GK59: =IF(GO59>50,"**",IF(GO59>25,"*","")) | GL59: 14.80771 | GM59: 25.11287 | GN59: 2.626173 | GO59: =GN59/GJ59*100 -> 13.50382
B60: Moorabool (S) | D60: 30.72865 | E60: =IF(I60>25,"*",IF(I60>50,"**","")) | F60: 24.59518 | G60: 37.62839 | H60: 3.339311 | I60: =H60/D60*100 -> 10.867093 | J60: 59.60341 | K60: =IF(O60>25,"*",IF(O60>50,"**","")) | L60: 52.65861 | M60: 66.18367 | N60: 3.470606 | O60: =N60/J60*100 -> 5.8228313 | P60: 17.67481 | Q60: =IF(U60>50,"**",IF(U60>25,"*","")) | R60: 12.59658 | S60: 24.23268 | T60: 2.958901 | U60: =T60/P60*100 -> 16.74078 | V60: 15.21869 | W60: =IF(AA60>50,"**",IF(AA60>25,"*","")) | X60: 11.67799 | Y60: 19.59474 | Z60: 2.012588 | AA60: =Z60/V60*100 -> 13.22445 | AB60: 2.393467 | AC60: =IF(AG60>50,"**",IF(AG60>25,"*","")) -> * | AD60: 1.050502 | AE60: 5.360276 | AF60: 0.9977931 | AG60: =AF60/AB60*100 -> 41.688191 | AH60: 45.01459 | AI60: =IF(AM60>50,"**",IF(AM60>25,"*","")) | AJ60: 38.34199 | AK60: 51.8715 | AL60: 3.47242 | AM60: =AL60/AH60*100 -> 7.7139878 | AN60: 6.554605 | AO60: =IF(AS60>50,"**",IF(AS60>25,"*","")) | AP60: 4.058022 | AQ60: 10.42032 | AR60: 1.580711 | AS60: =AR60/AN60*100 -> 24.116038 | AT60: 40.72379 | AU60: =IF(AY60>50,"**",IF(AY60>25,"*","")) | AV60: 34.08412 | AW60: 47.7205 | AX60: 3.499581 | AY60: =AX60/AT60*100 -> 8.5934561 | AZ60: 17.20753 | BA60: =IF(BE60>50,"**",IF(BE60>25,"*","")) | BB60: 12.22158 | BC60: 23.67886 | BD60: 2.911933 | BE60: =BD60/AZ60*100 -> 16.922435 | BF60: 22.47376 | BG60: =IF(BK60>50,"**",IF(BK60>25,"*","")) | BH60: 16.89174 | BI60: 29.25115 | BJ60: 3.156104 | BK60: =BJ60/BF60*100 -> 14.043507 | BL60: 67.22696 | BM60: =IF(BQ60>50,"**",IF(BQ60>25,"*","")) | BN60: 61.62774 | BO60: 72.37538 | BP60: 2.750514 | BQ60: =BP60/BL60*100 -> 4.0913854 | BR60: 51.30446 | BS60: =IF(BW60>50,"**",IF(BW60>25,"*","")) | BT60: 45.29164 | BU60: 57.27975 | BV60: 3.072903 | BW60: =BV60/BR60*100 -> 5.9895436 | BX60: 24.88005 | BY60: =IF(CC60>50,"**",IF(CC60>25,"*","")) | BZ60: 19.40196 | CA60: 31.30412 | CB60: 3.042587 | CC60: =CB60/BX60*100 -> 12.229023 | CD60: 23.33657 | CE60: =IF(CI60>50,"**",IF(CI60>25,"*","")) | CF60: 17.88668 | CG60: 29.84348 | CH60: 3.054502 | CI60: =CH60/CD60*100 -> 13.088907 | CJ60: 16.43 | CK60: =IF(CO60>50,"**",IF(CO60>25,"*","")) | CL60: 11.92 | CM60: 22.23 | CN60: 2.62 | CO60: =CN60/CJ60*100 -> 15.946439 | CP60: 26.35776 | CQ60: =IF(CU60>50,"**",IF(CU60>25,"*","")) | CR60: 22.0536 | CS60: 31.16609 | CT60: 2.328123 | CU60: =CT60/CP60*100 -> 8.8327802 | CW60: 32.46511 | CX60: =IF(DB60>50,"**",IF(DB60>25,"*","")) | CY60: 26.15305 | CZ60: 39.48601 | DA60: 3.417936 | DB60: =DA60/CW60*100 -> 10.528028 | DC60: 20.96432 | DD60: =IF(DH60>50,"**",IF(DH60>25,"*","")) | DE60: 16.94516 | DF60: 25.64243 | DG60: 2.218562 | DH60: =DG60/DC60*100 -> 10.582561 | DI60: 22.5195 | DJ60: =IF(DN60>50,"**",IF(DN60>25,"*","")) | DK60: 17.06706 | DL60: 29.10258 | DM60: 3.073302 | DN60: =DM60/DI60*100 -> 13.647292 | DO60: 11.25953 | DP60: =IF(DT60>50,"**",IF(DT60>25,"*","")) | DQ60: 7.972001 | DR60: 15.67192 | DS60: 1.945588 | DT60: =DS60/DO60*100 -> 17.279478 | DU60: 8.397067 | DV60: =IF(DZ60>50,"**",IF(DZ60>25,"*","")) | DW60: 5.643167 | DX60: 12.31942 | DY60: 1.675944 | DZ60: =DY60/DU60*100 -> 19.958683 | EA60: 6.365319 | EB60: =IF(EF60>50,"**",IF(EF60>25,"*","")) | EC60: 4.296896 | ED60: 9.332339 | EE60: 1.261404 | EF60: =EE60/EA60*100 -> 19.816823 | EG60: 6.027961 | EH60: =IF(EL60>50,"**",IF(EL60>25,"*","")) | EI60: 3.748729 | EJ60: 9.555396 | EK60: 1.44201 | EL60: =EK60/EG60*100 -> 23.922019 | EM60: 2.066392 | EN60: =IF(ER60>50,"**",IF(ER60>25,"*","")) -> * | EO60: 1.121945 | EP60: 3.775512 | EQ60: 0.6404851 | ER60: =EQ60/EM60*100 -> 30.995334 | ES60: 30.91925 | ET60: =IF(EX60>50,"**",IF(EX60>25,"*","")) | EU60: 25.03862 | EV60: 37.49028 | EW60: 3.189192 | EX60: =EW60/ES60*100 -> 10.314584 | EZ60: 52.20265 | FA60: =IF(FE60>50,"**",IF(FE60>25,"*","")) | FB60: 46.44223 | FC60: 57.90508 | FD60: 2.937028 | FE60: =FD60/EZ60*100 -> 5.6262048 | FF60: 77.9608 | FG60: =IF(FK60>50,"**",IF(FK60>25,"*","")) | FH60: 71.07314 | FI60: 83.58719 | FJ60: 3.194771 | FK60: =FJ60/FF60*100 -> 4.0979197 | FL60: 56.75055 | FM60: =IF(FQ60>50,"**",IF(FQ60>25,"*","")) | FN60: 49.88769 | FO60: 63.36376 | FP60: 3.458346 | FQ60: =FP60/FL60*100 -> 6.0939427 | FR60: 52.89681 | FS60: =IF(FW60>50,"**",IF(FW60>25,"*","")) | FT60: 44.92739 | FU60: 60.72124 | FV60: 4.062692 | FW60: =FV60/FR60*100 -> 7.6804102 | FX60: 45.45072 | FY60: =IF(GC60>50,"**",IF(GC60>25,"*","")) | FZ60: 38.78314 | GA60: 52.28554 | GB60: 3.465358 | GC60: =GB60/FX60*100 -> 7.6244293 | GD60: 77.92208 | GE60: =IF(GI60>50,"**",IF(GI60>25,"*","")) | GF60: 68.28157 | GG60: 85.26478 | GH60: 4.33892 | GI60: =GH60/GD60*100 -> 5.5682805 | GJ60: 20.92063 | GK60: =IF(GO60>50,"**",IF(GO60>25,"*","")) | GL60: 15.97524 | GM60: 26.90671 | GN60: 2.788402 | GO60: =GN60/GJ60*100 -> 13.32848
B61: Moreland (C) | D61: 16.03296 | E61: =IF(I61>25,"*",IF(I61>50,"**","")) | F61: 12.26237 | G61: 20.68956 | H61: 2.143213 | I61: =H61/D61*100 -> 13.367544 | J61: 50.23556 | K61: =IF(O61>25,"*",IF(O61>50,"**","")) | L61: 44.62035 | M61: 55.84482 | N61: 2.875451 | O61: =N61/J61*100 -> 5.7239354 | P61: 9.636313 | Q61: =IF(U61>50,"**",IF(U61>25,"*","")) | R61: 6.591475 | S61: 13.87869 | T61: 1.834373 | U61: =T61/P61*100 -> 19.036046 | V61: 16.7972 | W61: =IF(AA61>50,"**",IF(AA61>25,"*","")) | X61: 11.54249 | Y61: 23.80046 | Z61: 3.111818 | AA61: =Z61/V61*100 -> 18.525814 | AB61: 1.29837 | AC61: =IF(AG61>50,"**",IF(AG61>25,"*","")) -> ** | AD61: 0.3593783 | AE61: 4.578057 | AF61: 0.8460172 | AG61: =AF61/AB61*100 -> 65.159947 | AH61: 50.20082 | AI61: =IF(AM61>50,"**",IF(AM61>25,"*","")) | AJ61: 44.45434 | AK61: 55.94199 | AL61: 2.943465 | AM61: =AL61/AH61*100 -> 5.8633803 | AN61: 7.189021 | AO61: =IF(AS61>50,"**",IF(AS61>25,"*","")) | AP61: 4.81892 | AQ61: 10.59506 | AR61: 1.447507 | AS61: =AR61/AN61*100 -> 20.134967 | AT61: 45.25343 | AU61: =IF(AY61>50,"**",IF(AY61>25,"*","")) | AV61: 40.03922 | AW61: 50.57395 | AX61: 2.697299 | AY61: =AX61/AT61*100 -> 5.96043 | AZ61: 12.45702 | BA61: =IF(BE61>50,"**",IF(BE61>25,"*","")) | BB61: 9.140461 | BC61: 16.75507 | BD61: 1.929298 | BE61: =BD61/AZ61*100 -> 15.487637 | BF61: 18.57819 | BG61: =IF(BK61>50,"**",IF(BK61>25,"*","")) | BH61: 14.63295 | BI61: 23.29683 | BJ61: 2.207449 | BK61: =BJ61/BF61*100 -> 11.881938 | BL61: 58.30759 | BM61: =IF(BQ61>50,"**",IF(BQ61>25,"*","")) | BN61: 53.27124 | BO61: 63.17635 | BP61: 2.534832 | BQ61: =BP61/BL61*100 -> 4.3473448 | BR61: 44.16535 | BS61: =IF(BW61>50,"**",IF(BW61>25,"*","")) | BT61: 39.16183 | BU61: 49.29022 | BV61: 2.592493 | BW61: =BV61/BR61*100 -> 5.8699705 | BX61: 21.95296 | BY61: =IF(CC61>50,"**",IF(CC61>25,"*","")) | BZ61: 17.51587 | CA61: 27.14416 | CB61: 2.457136 | CC61: =CB61/BX61*100 -> 11.192732 | CD61: 21.71541 | CE61: =IF(CI61>50,"**",IF(CI61>25,"*","")) | CF61: 17.65835 | CG61: 26.40568 | CH61: 2.231964 | CI61: =CH61/CD61*100 -> 10.278249 | CJ61: 15.64 | CK61: =IF(CO61>50,"**",IF(CO61>25,"*","")) | CL61: 12 | CM61: 20.14 | CN61: 2.07 | CO61: =CN61/CJ61*100 -> 13.235294 | CP61: 23.4392 | CQ61: =IF(CU61>50,"**",IF(CU61>25,"*","")) | CR61: 19.29401 | CS61: 28.16416 | CT61: 2.264561 | CU61: =CT61/CP61*100 -> 9.6614262 | CW61: 27.43288 | CX61: =IF(DB61>50,"**",IF(DB61>25,"*","")) | CY61: 22.84587 | CZ61: 32.55231 | DA61: 2.4809 | DB61: =DA61/CW61*100 -> 9.0435273 | DC61: 22.24937 | DD61: =IF(DH61>50,"**",IF(DH61>25,"*","")) | DE61: 18.74409 | DF61: 26.19881 | DG61: 1.90226 | DH61: =DG61/DC61*100 -> 8.5497252 | DI61: 14.63476 | DJ61: =IF(DN61>50,"**",IF(DN61>25,"*","")) | DK61: 11.30602 | DL61: 18.73651 | DM61: 1.888685 | DN61: =DM61/DI61*100 -> 12.905473 | DO61: 5.120739 | DP61: =IF(DT61>50,"**",IF(DT61>25,"*","")) -> * | DQ61: 3.097526 | DR61: 8.35156 | DS61: 1.298378 | DT61: =DS61/DO61*100 -> 25.355286 | DU61: 5.587209 | DV61: =IF(DZ61>50,"**",IF(DZ61>25,"*","")) -> * | DW61: 3.396729 | DX61: 9.057835 | DY61: 1.401099 | DZ61: =DY61/DU61*100 -> 25.076903 | EA61: 8.027265 | EB61: =IF(EF61>50,"**",IF(EF61>25,"*","")) | EC61: 5.155723 | ED61: 12.29089 | EE61: 1.783468 | EF61: =EE61/EA61*100 -> 22.21763 | EG61: 8.254107 | EH61: =IF(EL61>50,"**",IF(EL61>25,"*","")) | EI61: 5.730093 | EJ61: 11.75132 | EK61: 1.514992 | EL61: =EK61/EG61*100 -> 18.354402 | EM61: 3.091465 | EN61: =IF(ER61>50,"**",IF(ER61>25,"*","")) -> * | EO61: 1.517765 | EP61: 6.194234 | EQ61: 1.111999 | ER61: =EQ61/EM61*100 -> 35.969969 | ES61: 25.32461 | ET61: =IF(EX61>50,"**",IF(EX61>25,"*","")) | EU61: 21.56774 | EV61: 29.48984 | EW61: 2.022918 | EX61: =EW61/ES61*100 -> 7.9879532 | EZ61: 59.54386 | FA61: =IF(FE61>50,"**",IF(FE61>25,"*","")) | FB61: 54.73534 | FC61: 64.17589 | FD61: 2.415162 | FE61: =FD61/EZ61*100 -> 4.0561059 | FF61: 81.30164 | FG61: =IF(FK61>50,"**",IF(FK61>25,"*","")) | FH61: 76.93295 | FI61: 85.00422 | FJ61: 2.056907 | FK61: =FJ61/FF61*100 -> 2.5299699 | FL61: 52.79839 | FM61: =IF(FQ61>50,"**",IF(FQ61>25,"*","")) | FN61: 47.82073 | FO61: 57.72102 | FP61: 2.533815 | FQ61: =FP61/FL61*100 -> 4.7990384 | FR61: 59.55244 | FS61: =IF(FW61>50,"**",IF(FW61>25,"*","")) | FT61: 47.88002 | FU61: 70.23581 | FV61: 5.796637 | FW61: =FV61/FR61*100 -> 9.7336683 | FX61: 37.21644 | FY61: =IF(GC61>50,"**",IF(GC61>25,"*","")) | FZ61: 28.61494 | GA61: 46.7116 | GB61: 4.663665 | GC61: =GB61/FX61*100 -> 12.531196 | GD61: 73.06191 | GE61: =IF(GI61>50,"**",IF(GI61>25,"*","")) | GF61: 55.11491 | GG61: 85.69538 | GH61: 7.956535 | GI61: =GH61/GD61*100 -> 10.890127 | GJ61: 21.43364 | GK61: =IF(GO61>50,"**",IF(GO61>25,"*","")) | GL61: 17.33142 | GM61: 26.1991 | GN61: 2.262453 | GO61: =GN61/GJ61*100 -> 10.555617
B62: Mornington Peninsula (S) | D62: 23.12065 | E62: =IF(I62>25,"*",IF(I62>50,"**","")) | F62: 17.69113 | G62: 29.61694 | H62: 3.046227 | I62: =H62/D62*100 -> 13.175352 | J62: 56.11529 | K62: =IF(O62>25,"*",IF(O62>50,"**","")) | L62: 48.96085 | M62: 63.02424 | N62: 3.611098 | O62: =N62/J62*100 -> 6.4351409 | P62: 9.716123 | Q62: =IF(U62>50,"**",IF(U62>25,"*","")) -> * | R62: 5.541398 | S62: 16.48701 | T62: 2.715464 | U62: =T62/P62*100 -> 27.94802 | V62: 14.39981 | W62: =IF(AA62>50,"**",IF(AA62>25,"*","")) -> * | X62: 7.930787 | Y62: 24.72828 | Z62: 4.209191 | AA62: =Z62/V62*100 -> 29.230879 | AB62: 1.64591 | AC62: =IF(AG62>50,"**",IF(AG62>25,"*","")) -> * | AD62: 0.79855 | AE62: 3.36195 | AF62: 0.604428 | AG62: =AF62/AB62*100 -> 36.723029 | AH62: 38.75436 | AI62: =IF(AM62>50,"**",IF(AM62>25,"*","")) | AJ62: 31.81563 | AK62: 46.18142 | AL62: 3.688702 | AM62: =AL62/AH62*100 -> 9.51816 | AN62: 4.866122 | AO62: =IF(AS62>50,"**",IF(AS62>25,"*","")) | AP62: 3.068209 | AQ62: 7.634598 | AR62: 1.133518 | AS62: =AR62/AN62*100 -> 23.294073 | AT62: 41.49526 | AU62: =IF(AY62>50,"**",IF(AY62>25,"*","")) | AV62: 34.59209 | AW62: 48.74929 | AX62: 3.635119 | AY62: =AX62/AT62*100 -> 8.7603235 | AZ62: 16.62391 | BA62: =IF(BE62>50,"**",IF(BE62>25,"*","")) | BB62: 11.26516 | BC62: 23.84673 | BD62: 3.192201 | BE62: =BD62/AZ62*100 -> 19.202468 | BF62: 25.81105 | BG62: =IF(BK62>50,"**",IF(BK62>25,"*","")) | BH62: 19.3416 | BI62: 33.54448 | BJ62: 3.635812 | BK62: =BJ62/BF62*100 -> 14.086262 | BL62: 70.03561 | BM62: =IF(BQ62>50,"**",IF(BQ62>25,"*","")) | BN62: 63.30713 | BO62: 75.99806 | BP62: 3.250363 | BQ62: =BP62/BL62*100 -> 4.6410148 | BR62: 55.86874 | BS62: =IF(BW62>50,"**",IF(BW62>25,"*","")) | BT62: 49.14688 | BU62: 62.38217 | BV62: 3.395928 | BW62: =BV62/BR62*100 -> 6.0784045 | BX62: 22.98914 | BY62: =IF(CC62>50,"**",IF(CC62>25,"*","")) | BZ62: 16.74423 | CA62: 30.70419 | CB62: 3.567314 | CC62: =CB62/BX62*100 -> 15.517388 | CD62: 18.43431 | CE62: =IF(CI62>50,"**",IF(CI62>25,"*","")) | CF62: 13.10605 | CG62: 25.2981 | CH62: 3.102431 | CI62: =CH62/CD62*100 -> 16.829656 | CJ62: 14.79 | CK62: =IF(CO62>50,"**",IF(CO62>25,"*","")) | CL62: 9.95 | CM62: 21.43 | CN62: 2.91 | CO62: =CN62/CJ62*100 -> 19.675456 | CP62: 27.9211 | CQ62: =IF(CU62>50,"**",IF(CU62>25,"*","")) | CR62: 23.38652 | CS62: 32.9567 | CT62: 2.446141 | CU62: =CT62/CP62*100 -> 8.7609048 | CW62: 28.9931 | CX62: =IF(DB62>50,"**",IF(DB62>25,"*","")) | CY62: 22.75118 | CZ62: 36.14622 | DA62: 3.431427 | DB62: =DA62/CW62*100 -> 11.835323 | DC62: 20.1677 | DD62: =IF(DH62>50,"**",IF(DH62>25,"*","")) | DE62: 16.82881 | DF62: 23.97807 | DG62: 1.823275 | DH62: =DG62/DC62*100 -> 9.0405698 | DI62: 22.40851 | DJ62: =IF(DN62>50,"**",IF(DN62>25,"*","")) | DK62: 16.60769 | DL62: 29.51828 | DM62: 3.297044 | DN62: =DM62/DI62*100 -> 14.713357 | DO62: 8.614788 | DP62: =IF(DT62>50,"**",IF(DT62>25,"*","")) | DQ62: 6.650542 | DR62: 11.09025 | DS62: 1.124838 | DT62: =DS62/DO62*100 -> 13.05706 | DU62: 5.990829 | DV62: =IF(DZ62>50,"**",IF(DZ62>25,"*","")) | DW62: 3.994633 | DX62: 8.892169 | DY62: 1.224893 | DZ62: =DY62/DU62*100 -> 20.446135 | EA62: 7.263092 | EB62: =IF(EF62>50,"**",IF(EF62>25,"*","")) | EC62: 5.306265 | ED62: 9.866363 | EE62: 1.15052 | EF62: =EE62/EA62*100 -> 15.840636 | EG62: 5.80456 | EH62: =IF(EL62>50,"**",IF(EL62>25,"*","")) | EI62: 4.083418 | EJ62: 8.189217 | EK62: 1.031625 | EL62: =EK62/EG62*100 -> 17.772665 | EM62: 2.801051 | EN62: =IF(ER62>50,"**",IF(ER62>25,"*","")) -> * | EO62: 1.397807 | EP62: 5.533934 | EQ62: 0.9854268 | ER62: =EQ62/EM62*100 -> 35.180609 | ES62: 28.409 | ET62: =IF(EX62>50,"**",IF(EX62>25,"*","")) | EU62: 23.04064 | EV62: 34.46796 | EW62: 2.923623 | EX62: =EW62/ES62*100 -> 10.291186 | EZ62: 58.36134 | FA62: =IF(FE62>50,"**",IF(FE62>25,"*","")) | FB62: 51.98412 | FC62: 64.47047 | FD62: 3.201439 | FE62: =FD62/EZ62*100 -> 5.4855475 | FF62: 83.32908 | FG62: =IF(FK62>50,"**",IF(FK62>25,"*","")) | FH62: 75.76064 | FI62: 88.8812 | FJ62: 3.327794 | FK62: =FJ62/FF62*100 -> 3.9935566 | FL62: 50.1816 | FM62: =IF(FQ62>50,"**",IF(FQ62>25,"*","")) | FN62: 43.46563 | FO62: 56.89103 | FP62: 3.445589 | FQ62: =FP62/FL62*100 -> 6.8662398 | FR62: 61.52455 | FS62: =IF(FW62>50,"**",IF(FW62>25,"*","")) | FT62: 53.56353 | FU62: 68.91286 | FV62: 3.944655 | FW62: =FV62/FR62*100 -> 6.4115138 | FX62: 43.5628 | FY62: =IF(GC62>50,"**",IF(GC62>25,"*","")) | FZ62: 37.15074 | GA62: 50.19764 | GB62: 3.346923 | GC62: =GB62/FX62*100 -> 7.6829841 | GD62: 68.85619 | GE62: =IF(GI62>50,"**",IF(GI62>25,"*","")) | GF62: 58.43301 | GG62: 77.66474 | GH62: 4.953859 | GI62: =GH62/GD62*100 -> 7.1945006 | GJ62: 19.58633 | GK62: =IF(GO62>50,"**",IF(GO62>25,"*","")) | GL62: 14.60999 | GM62: 25.7466 | GN62: 2.837948 | GO62: =GN62/GJ62*100 -> 14.489432
B63: Mount Alexander (S) | D63: 19.0767 | E63: =IF(I63>25,"*",IF(I63>50,"**","")) | F63: 13.25767 | G63: 26.66468 | H63: 3.412979 | I63: =H63/D63*100 -> 17.890825 | J63: 48.93109 | K63: =IF(O63>25,"*",IF(O63>50,"**","")) | L63: 41.675 | M63: 56.23251 | N63: 3.740143 | O63: =N63/J63*100 -> 7.6436944 | P63: 10.35266 | Q63: =IF(U63>50,"**",IF(U63>25,"*","")) -> * | R63: 5.674586 | S63: 18.14542 | T63: 3.087798 | U63: =T63/P63*100 -> 29.826132 | V63: 17.27123 | W63: =IF(AA63>50,"**",IF(AA63>25,"*","")) -> * | X63: 8.577999 | Y63: 31.71792 | Z63: 5.830097 | AA63: =Z63/V63*100 -> 33.756119 | AB63: 0.850717 | AC63: =IF(AG63>50,"**",IF(AG63>25,"*","")) -> * | AD63: 0.3653075 | AE63: 1.968381 | AF63: 0.3658846 | AG63: =AF63/AB63*100 -> 43.008968 | AH63: 38.45399 | AI63: =IF(AM63>50,"**",IF(AM63>25,"*","")) | AJ63: 29.67658 | AK63: 48.05351 | AL63: 4.738413 | AM63: =AL63/AH63*100 -> 12.322292 | AN63: 10.67973 | AO63: =IF(AS63>50,"**",IF(AS63>25,"*","")) | AP63: 6.778395 | AQ63: 16.43073 | AR63: 2.420562 | AS63: =AR63/AN63*100 -> 22.665011 | AT63: 49.1842 | AU63: =IF(AY63>50,"**",IF(AY63>25,"*","")) | AV63: 40.10029 | AW63: 58.32229 | AX63: 4.70087 | AY63: =AX63/AT63*100 -> 9.5576832 | AZ63: 15.32872 | BA63: =IF(BE63>50,"**",IF(BE63>25,"*","")) | BB63: 10.47859 | BC63: 21.87523 | BD63: 2.887754 | BE63: =BD63/AZ63*100 -> 18.838846 | BF63: 20.25969 | BG63: =IF(BK63>50,"**",IF(BK63>25,"*","")) | BH63: 14.29831 | BI63: 27.89747 | BJ63: 3.466609 | BK63: =BJ63/BF63*100 -> 17.110869 | BL63: 66.71674 | BM63: =IF(BQ63>50,"**",IF(BQ63>25,"*","")) | BN63: 58.24231 | BO63: 74.23224 | BP63: 4.108772 | BQ63: =BP63/BL63*100 -> 6.1585323 | BR63: 45.77098 | BS63: =IF(BW63>50,"**",IF(BW63>25,"*","")) | BT63: 36.79559 | BU63: 55.02954 | BV63: 4.703654 | BW63: =BV63/BR63*100 -> 10.276498 | BX63: 22.83916 | BY63: =IF(CC63>50,"**",IF(CC63>25,"*","")) | BZ63: 16.08777 | CA63: 31.3648 | CB63: 3.904807 | CC63: =CB63/BX63*100 -> 17.096982 | CD63: 25.47791 | CE63: =IF(CI63>50,"**",IF(CI63>25,"*","")) | CF63: 17.80844 | CG63: 35.04214 | CH63: 4.418162 | CI63: =CH63/CD63*100 -> 17.341148 | CJ63: 22.29 | CK63: =IF(CO63>50,"**",IF(CO63>25,"*","")) | CL63: 14.96 | CM63: 31.86 | CN63: 4.32 | CO63: =CN63/CJ63*100 -> 19.380888 | CP63: 25.65226 | CQ63: =IF(CU63>50,"**",IF(CU63>25,"*","")) | CR63: 20.09652 | CS63: 32.12636 | CT63: 3.076266 | CU63: =CT63/CP63*100 -> 11.992183 | CW63: 35.55351 | CX63: =IF(DB63>50,"**",IF(DB63>25,"*","")) | CY63: 27.90143 | CZ63: 44.02279 | DA63: 4.144835 | DB63: =DA63/CW63*100 -> 11.658019 | DC63: 22.94118 | DD63: =IF(DH63>50,"**",IF(DH63>25,"*","")) | DE63: 19.18199 | DF63: 27.18923 | DG63: 2.043715 | DH63: =DG63/DC63*100 -> 8.9084999 | DI63: 14.20238 | DJ63: =IF(DN63>50,"**",IF(DN63>25,"*","")) | DK63: 10.42664 | DL63: 19.05455 | DM63: 2.18904 | DN63: =DM63/DI63*100 -> 15.413191 | DO63: 11.76383 | DP63: =IF(DT63>50,"**",IF(DT63>25,"*","")) | DQ63: 7.37753 | DR63: 18.24431 | DS63: 2.727895 | DT63: =DS63/DO63*100 -> 23.188834 | DU63: 2.642507 | DV63: =IF(DZ63>50,"**",IF(DZ63>25,"*","")) | DW63: 1.729801 | DX63: 4.017103 | DY63: 0.5684109 | DZ63: =DY63/DU63*100 -> 21.510289 | EA63: 5.074573 | EB63: =IF(EF63>50,"**",IF(EF63>25,"*","")) | EC63: 3.604248 | ED63: 7.100523 | EE63: 0.8786057 | EF63: =EE63/EA63*100 -> 17.313884 | EG63: 3.930471 | EH63: =IF(EL63>50,"**",IF(EL63>25,"*","")) | EI63: 2.600694 | EJ63: 5.899002 | EK63: 0.8220859 | EL63: =EK63/EG63*100 -> 20.91571 | EM63: 1.123415 | EN63: =IF(ER63>50,"**",IF(ER63>25,"*","")) -> * | EO63: 0.6464535 | EP63: 1.945393 | EQ63: 0.3159129 | ER63: =EQ63/EM63*100 -> 28.120766 | ES63: 26.80347 | ET63: =IF(EX63>50,"**",IF(EX63>25,"*","")) | EU63: 22.03095 | EV63: 32.1831 | EW63: 2.594962 | EX63: =EW63/ES63*100 -> 9.6814405 | EZ63: 44.82986 | FA63: =IF(FE63>50,"**",IF(FE63>25,"*","")) | FB63: 38.62692 | FC63: 51.19795 | FD63: 3.223704 | FE63: =FD63/EZ63*100 -> 7.1909749 | FF63: 75.30942 | FG63: =IF(FK63>50,"**",IF(FK63>25,"*","")) | FH63: 65.04662 | FI63: 83.33111 | FJ63: 4.687344 | FK63: =FJ63/FF63*100 -> 6.2241138 | FL63: 41.25316 | FM63: =IF(FQ63>50,"**",IF(FQ63>25,"*","")) | FN63: 35.1287 | FO63: 47.6609 | FP63: 3.213264 | FQ63: =FP63/FL63*100 -> 7.7891342 | FR63: 68.6411 | FS63: =IF(FW63>50,"**",IF(FW63>25,"*","")) | FT63: 61.32133 | FU63: 75.13728 | FV63: 3.542131 | FW63: =FV63/FR63*100 -> 5.1603646 | FX63: 51.9577 | FY63: =IF(GC63>50,"**",IF(GC63>25,"*","")) | FZ63: 45.97781 | GA63: 57.88202 | GB63: 3.051129 | GC63: =GB63/FX63*100 -> 5.8723327 | GD63: 77.6858 | GE63: =IF(GI63>50,"**",IF(GI63>25,"*","")) | GF63: 69.0207 | GG63: 84.47246 | GH63: 3.947332 | GI63: =GH63/GD63*100 -> 5.08115 | GJ63: 21.75212 | GK63: =IF(GO63>50,"**",IF(GO63>25,"*","")) | GL63: 16.75953 | GM63: 27.73641 | GN63: 2.801363 | GO63: =GN63/GJ63*100 -> 12.878575
B64: Moyne (S) | D64: 25.32871 | E64: =IF(I64>25,"*",IF(I64>50,"**","")) | F64: 19.00021 | G64: 32.90869 | H64: 3.559101 | I64: =H64/D64*100 -> 14.051647 | J64: 58.0987 | K64: =IF(O64>25,"*",IF(O64>50,"**","")) | L64: 46.67467 | M64: 68.71573 | N64: 5.713764 | O64: =N64/J64*100 -> 9.8345815 | P64: 8.074852 | Q64: =IF(U64>50,"**",IF(U64>25,"*","")) | R64: 5.350369 | S64: 12.01063 | T64: 1.669333 | U64: =T64/P64*100 -> 20.673233 | V64: 9.805485 | W64: =IF(AA64>50,"**",IF(AA64>25,"*","")) -> * | X64: 4.122193 | Y64: 21.5622 | Z64: 4.185771 | AA64: =Z64/V64*100 -> 42.688057 | AB64: 2.550433 | AC64: =IF(AG64>50,"**",IF(AG64>25,"*","")) -> * | AD64: 1.302434 | AE64: 4.934486 | AF64: 0.8682899 | AG64: =AF64/AB64*100 -> 34.044803 | AH64: 42.52209 | AI64: =IF(AM64>50,"**",IF(AM64>25,"*","")) | AJ64: 34.48758 | AK64: 50.97204 | AL64: 4.242944 | AM64: =AL64/AH64*100 -> 9.9782113 | AN64: 6.28264 | AO64: =IF(AS64>50,"**",IF(AS64>25,"*","")) | AP64: 4.17944 | AQ64: 9.341048 | AR64: 1.291136 | AS64: =AR64/AN64*100 -> 20.550851 | AT64: 40.19523 | AU64: =IF(AY64>50,"**",IF(AY64>25,"*","")) | AV64: 30.17952 | AW64: 51.10206 | AX64: 5.413836 | AY64: =AX64/AT64*100 -> 13.468852 | AZ64: 11.64285 | BA64: =IF(BE64>50,"**",IF(BE64>25,"*","")) | BB64: 8.065329 | BC64: 16.52205 | BD64: 2.135144 | BE64: =BD64/AZ64*100 -> 18.338671 | BF64: 19.33498 | BG64: =IF(BK64>50,"**",IF(BK64>25,"*","")) -> * | BH64: 11.32651 | BI64: 31.02472 | BJ64: 5.008521 | BK64: =BJ64/BF64*100 -> 25.903937 | BL64: 74.03865 | BM64: =IF(BQ64>50,"**",IF(BQ64>25,"*","")) | BN64: 66.53657 | BO64: 80.35542 | BP64: 3.537072 | BQ64: =BP64/BL64*100 -> 4.7773318 | BR64: 54.90601 | BS64: =IF(BW64>50,"**",IF(BW64>25,"*","")) | BT64: 43.793 | BU64: 65.55025 | BV64: 5.63948 | BW64: =BV64/BR64*100 -> 10.271152 | BX64: 21.50254 | BY64: =IF(CC64>50,"**",IF(CC64>25,"*","")) | BZ64: 16.49469 | CA64: 27.52957 | CB64: 2.815781 | CC64: =CB64/BX64*100 -> 13.095109 | CD64: 25.32491 | CE64: =IF(CI64>50,"**",IF(CI64>25,"*","")) | CF64: 16.15939 | CG64: 37.37179 | CH64: 5.451968 | CI64: =CH64/CD64*100 -> 21.528084 | CJ64: 15.29 | CK64: =IF(CO64>50,"**",IF(CO64>25,"*","")) | CL64: 11.02 | CM64: 20.82 | CN64: 2.49 | CO64: =CN64/CJ64*100 -> 16.285154 | CP64: 23.66795 | CQ64: =IF(CU64>50,"**",IF(CU64>25,"*","")) | CR64: 19.92984 | CS64: 27.8632 | CT64: 2.025169 | CU64: =CT64/CP64*100 -> 8.5565881 | CW64: 26.11327 | CX64: =IF(DB64>50,"**",IF(DB64>25,"*","")) | CY64: 19.73869 | CZ64: 33.68256 | DA64: 3.569542 | DB64: =DA64/CW64*100 -> 13.669456 | DC64: 22.88805 | DD64: =IF(DH64>50,"**",IF(DH64>25,"*","")) | DE64: 19.11007 | DF64: 27.16211 | DG64: 2.055134 | DH64: =DG64/DC64*100 -> 8.9790699 | DI64: 17.04916 | DJ64: =IF(DN64>50,"**",IF(DN64>25,"*","")) | DK64: 12.88826 | DL64: 22.21087 | DM64: 2.371898 | DN64: =DM64/DI64*100 -> 13.912111 | DO64: 10.6501 | DP64: =IF(DT64>50,"**",IF(DT64>25,"*","")) | DQ64: 8.314094 | DR64: 13.54548 | DS64: 1.327465 | DT64: =DS64/DO64*100 -> 12.464343 | DU64: 3.79278 | DV64: =IF(DZ64>50,"**",IF(DZ64>25,"*","")) | DW64: 2.52474 | DX64: 5.660701 | DY64: 0.782002 | DZ64: =DY64/DU64*100 -> 20.618175 | EA64: 5.802686 | EB64: =IF(EF64>50,"**",IF(EF64>25,"*","")) | EC64: 4.301593 | ED64: 7.78499 | EE64: 0.8788503 | EF64: =EE64/EA64*100 -> 15.145577 | EG64: 5.322569 | EH64: =IF(EL64>50,"**",IF(EL64>25,"*","")) | EI64: 3.7649 | EJ64: 7.474643 | EK64: 0.9321284 | EL64: =EK64/EG64*100 -> 17.512754 | EM64: 1.970974 | EN64: =IF(ER64>50,"**",IF(ER64>25,"*","")) -> * | EO64: 1.170399 | EP64: 3.300866 | EQ64: 0.5217795 | ER64: =EQ64/EM64*100 -> 26.47318 | ES64: 22.97636 | ET64: =IF(EX64>50,"**",IF(EX64>25,"*","")) | EU64: 19.43277 | EV64: 26.94998 | EW64: 1.918532 | EX64: =EW64/ES64*100 -> 8.3500259 | EZ64: 46.12959 | FA64: =IF(FE64>50,"**",IF(FE64>25,"*","")) | FB64: 39.33174 | FC64: 53.0745 | FD64: 3.527934 | FE64: =FD64/EZ64*100 -> 7.6478763 | FF64: 76.50705 | FG64: =IF(FK64>50,"**",IF(FK64>25,"*","")) | FH64: 63.46236 | FI64: 85.92726 | FJ64: 5.764143 | FK64: =FJ64/FF64*100 -> 7.5341331 | FL64: 40.73693 | FM64: =IF(FQ64>50,"**",IF(FQ64>25,"*","")) | FN64: 35.66796 | FO64: 46.01106 | FP64: 2.647608 | FQ64: =FP64/FL64*100 -> 6.4992821 | FR64: 52.63522 | FS64: =IF(FW64>50,"**",IF(FW64>25,"*","")) | FT64: 44.23344 | FU64: 60.89038 | FV64: 4.288809 | FW64: =FV64/FR64*100 -> 8.1481734 | FX64: 52.1869 | FY64: =IF(GC64>50,"**",IF(GC64>25,"*","")) | FZ64: 45.45138 | GA64: 58.84382 | GB64: 3.436931 | GC64: =GB64/FX64*100 -> 6.5858118 | GD64: 77.92763 | GE64: =IF(GI64>50,"**",IF(GI64>25,"*","")) | GF64: 68.83993 | GG64: 84.94459 | GH64: 4.113663 | GI64: =GH64/GD64*100 -> 5.2788247 | GJ64: 18.63503 | GK64: =IF(GO64>50,"**",IF(GO64>25,"*","")) | GL64: 13.93642 | GM64: 24.4674 | GN64: 2.681833 | GO64: =GN64/GJ64*100 -> 14.391353
B65: Murrindindi (S) | D65: 15.16065 | E65: =IF(I65>25,"*",IF(I65>50,"**","")) | F65: 10.17702 | G65: 21.98735 | H65: 2.990097 | I65: =H65/D65*100 -> 19.722749 | J65: 45.0665 | K65: =IF(O65>25,"*",IF(O65>50,"**","")) | L65: 36.61665 | M65: 53.81085 | N65: 4.429765 | O65: =N65/J65*100 -> 9.8293966 | P65: 18.69534 | Q65: =IF(U65>50,"**",IF(U65>25,"*","")) -> * | R65: 9.478935 | S65: 33.55146 | T65: 6.099985 | U65: =T65/P65*100 -> 32.628372 | V65: 15.93299 | W65: =IF(AA65>50,"**",IF(AA65>25,"*","")) | X65: 11.10553 | Y65: 22.33172 | Z65: 2.848197 | AA65: =Z65/V65*100 -> 17.876099 | AB65: 1.506801 | AC65: =IF(AG65>50,"**",IF(AG65>25,"*","")) -> ** | AD65: 0.4363746 | AE65: 5.06929 | AF65: 0.9465128 | AG65: =AF65/AB65*100 -> 62.816045 | AH65: 46.1912 | AI65: =IF(AM65>50,"**",IF(AM65>25,"*","")) | AJ65: 32.77933 | AK65: 60.17799 | AL65: 7.171468 | AM65: =AL65/AH65*100 -> 15.525615 | AN65: 4.525828 | AO65: =IF(AS65>50,"**",IF(AS65>25,"*","")) | AP65: 2.99048 | AQ65: 6.794235 | AR65: 0.9486627 | AS65: =AR65/AN65*100 -> 20.961086 | AT65: 48.76504 | AU65: =IF(AY65>50,"**",IF(AY65>25,"*","")) | AV65: 36.52157 | AW65: 61.15852 | AX65: 6.416744 | AY65: =AX65/AT65*100 -> 13.158492 | AZ65: 17.12876 | BA65: =IF(BE65>50,"**",IF(BE65>25,"*","")) -> * | BB65: 8.79352 | BC65: 30.70498 | BD65: 5.522708 | BE65: =BD65/AZ65*100 -> 32.242311 | BF65: 18.11746 | BG65: =IF(BK65>50,"**",IF(BK65>25,"*","")) -> * | BH65: 9.615427 | BI65: 31.51578 | BJ65: 5.542565 | BK65: =BJ65/BF65*100 -> 30.592395 | BL65: 70.24354 | BM65: =IF(BQ65>50,"**",IF(BQ65>25,"*","")) | BN65: 58.48615 | BO65: 79.81999 | BP65: 5.504372 | BQ65: =BP65/BL65*100 -> 7.8361256 | BR65: 44.29323 | BS65: =IF(BW65>50,"**",IF(BW65>25,"*","")) | BT65: 34.4906 | BU65: 54.56147 | BV65: 5.189539 | BW65: =BV65/BR65*100 -> 11.716325 | BX65: 15.99985 | BY65: =IF(CC65>50,"**",IF(CC65>25,"*","")) | BZ65: 10.13678 | CA65: 24.33574 | CB65: 3.592223 | CC65: =CB65/BX65*100 -> 22.451604 | CD65: 29.3878 | CE65: =IF(CI65>50,"**",IF(CI65>25,"*","")) -> * | CF65: 17.18959 | CG65: 45.48738 | CH65: 7.364766 | CI65: =CH65/CD65*100 -> 25.060624 | CJ65: 9.59 | CK65: =IF(CO65>50,"**",IF(CO65>25,"*","")) -> * | CL65: 5.66 | CM65: 15.8 | CN65: 2.52 | CO65: =CN65/CJ65*100 -> 26.277372 | CP65: 26.78332 | CQ65: =IF(CU65>50,"**",IF(CU65>25,"*","")) | CR65: 21.08559 | CS65: 33.36964 | CT65: 3.142825 | CU65: =CT65/CP65*100 -> 11.734262 | CW65: 38.11294 | CX65: =IF(DB65>50,"**",IF(DB65>25,"*","")) | CY65: 26.70761 | CZ65: 50.99972 | DA65: 6.314837 | DB65: =DA65/CW65*100 -> 16.568748 | DC65: 22.87778 | DD65: =IF(DH65>50,"**",IF(DH65>25,"*","")) | DE65: 18.7962 | DF65: 27.54502 | DG65: 2.233185 | DH65: =DG65/DC65*100 -> 9.7613711 | DI65: 15.97801 | DJ65: =IF(DN65>50,"**",IF(DN65>25,"*","")) | DK65: 10.65494 | DL65: 23.26785 | DM65: 3.196043 | DN65: =DM65/DI65*100 -> 20.00276 | DO65: 13.67173 | DP65: =IF(DT65>50,"**",IF(DT65>25,"*","")) | DQ65: 9.32587 | DR65: 19.60489 | DS65: 2.599246 | DT65: =DS65/DO65*100 -> 19.01183 | DU65: 5.538963 | DV65: =IF(DZ65>50,"**",IF(DZ65>25,"*","")) | DW65: 4.020204 | DX65: 7.586133 | DY65: 0.8980607 | DZ65: =DY65/DU65*100 -> 16.213517 | EA65: 5.985677 | EB65: =IF(EF65>50,"**",IF(EF65>25,"*","")) | EC65: 4.350924 | ED65: 8.182106 | EE65: 0.9653109 | EF65: =EE65/EA65*100 -> 16.127013 | EG65: 9.276767 | EH65: =IF(EL65>50,"**",IF(EL65>25,"*","")) | EI65: 5.992947 | EJ65: 14.09025 | EK65: 2.028805 | EL65: =EK65/EG65*100 -> 21.869742 | EM65: 6.452418 | EN65: =IF(ER65>50,"**",IF(ER65>25,"*","")) -> ** | EO65: 2.021457 | EP65: 18.73837 | EQ65: 3.716788 | ER65: =EQ65/EM65*100 -> 57.603026 | ES65: 32.22087 | ET65: =IF(EX65>50,"**",IF(EX65>25,"*","")) | EU65: 25.51463 | EV65: 39.74913 | EW65: 3.651407 | EX65: =EW65/ES65*100 -> 11.332428 | EZ65: 57.75763 | FA65: =IF(FE65>50,"**",IF(FE65>25,"*","")) | FB65: 43.46059 | FC65: 70.86316 | FD65: 7.168901 | FE65: =FD65/EZ65*100 -> 12.412041 | FF65: 81.07186 | FG65: =IF(FK65>50,"**",IF(FK65>25,"*","")) | FH65: 64.72319 | FI65: 90.90821 | FJ65: 6.637489 | FK65: =FJ65/FF65*100 -> 8.1871675 | FL65: 50.41875 | FM65: =IF(FQ65>50,"**",IF(FQ65>25,"*","")) | FN65: 39.78908 | FO65: 61.01069 | FP65: 5.497112 | FQ65: =FP65/FL65*100 -> 10.902912 | FR65: 62.35446 | FS65: =IF(FW65>50,"**",IF(FW65>25,"*","")) | FT65: 53.98933 | FU65: 70.04263 | FV65: 4.128093 | FW65: =FV65/FR65*100 -> 6.6203652 | FX65: 43.76118 | FY65: =IF(GC65>50,"**",IF(GC65>25,"*","")) | FZ65: 36.9995 | GA65: 50.76289 | GB65: 3.533008 | GC65: =GB65/FX65*100 -> 8.0733838 | GD65: 77.09085 | GE65: =IF(GI65>50,"**",IF(GI65>25,"*","")) | GF65: 67.58327 | GG65: 84.45147 | GH65: 4.313457 | GI65: =GH65/GD65*100 -> 5.5952905 | GJ65: 17.21082 | GK65: =IF(GO65>50,"**",IF(GO65>25,"*","")) | GL65: 11.80959 | GM65: 24.39891 | GN65: 3.197372 | GO65: =GN65/GJ65*100 -> 18.577685
B66: Nillumbik (S) | D66: 14.23862 | E66: =IF(I66>25,"*",IF(I66>50,"**","")) | F66: 10.44613 | G66: 19.1141 | H66: 2.199216 | I66: =H66/D66*100 -> 15.445429 | J66: 44.69485 | K66: =IF(O66>25,"*",IF(O66>50,"**","")) | L66: 38.48904 | M66: 51.0705 | N66: 3.226397 | O66: =N66/J66*100 -> 7.2187221 | P66: 6.171041 | Q66: =IF(U66>50,"**",IF(U66>25,"*","")) | R66: 3.785477 | S66: 9.90519 | T66: 1.517846 | U66: =T66/P66*100 -> 24.596272 | V66: 12.6425 | W66: =IF(AA66>50,"**",IF(AA66>25,"*","")) -> * | X66: 7.002323 | Y66: 21.76257 | Z66: 3.681634 | AA66: =Z66/V66*100 -> 29.121092 | AB66: 2.062132 | AC66: =IF(AG66>50,"**",IF(AG66>25,"*","")) -> * | AD66: 0.9810976 | AE66: 4.282796 | AF66: 0.7767119 | AG66: =AF66/AB66*100 -> 37.665479 | AH66: 36.6883 | AI66: =IF(AM66>50,"**",IF(AM66>25,"*","")) | AJ66: 30.54405 | AK66: 43.29804 | AL66: 3.269763 | AM66: =AL66/AH66*100 -> 8.9122772 | AN66: 6.584249 | AO66: =IF(AS66>50,"**",IF(AS66>25,"*","")) | AP66: 4.07036 | AQ66: 10.4811 | AR66: 1.592583 | AS66: =AR66/AN66*100 -> 24.18777 | AT66: 48.42309 | AU66: =IF(AY66>50,"**",IF(AY66>25,"*","")) | AV66: 41.64113 | AW66: 55.26363 | AX66: 3.496783 | AY66: =AX66/AT66*100 -> 7.2213132 | AZ66: 10.17819 | BA66: =IF(BE66>50,"**",IF(BE66>25,"*","")) | BB66: 6.331157 | BC66: 15.9644 | BD66: 2.410062 | BE66: =BD66/AZ66*100 -> 23.678689 | BF66: 15.36159 | BG66: =IF(BK66>50,"**",IF(BK66>25,"*","")) | BH66: 10.59828 | BI66: 21.74503 | BJ66: 2.825393 | BK66: =BJ66/BF66*100 -> 18.392582 | BL66: 69.77643 | BM66: =IF(BQ66>50,"**",IF(BQ66>25,"*","")) | BN66: 63.52524 | BO66: 75.37163 | BP66: 3.032639 | BQ66: =BP66/BL66*100 -> 4.3462226 | BR66: 46.91144 | BS66: =IF(BW66>50,"**",IF(BW66>25,"*","")) | BT66: 40.37551 | BU66: 53.55507 | BV66: 3.38167 | BW66: =BV66/BR66*100 -> 7.2086254 | BX66: 19.30879 | BY66: =IF(CC66>50,"**",IF(CC66>25,"*","")) | BZ66: 14.52373 | CA66: 25.20549 | CB66: 2.72166 | CC66: =CB66/BX66*100 -> 14.095446 | CD66: 17.00335 | CE66: =IF(CI66>50,"**",IF(CI66>25,"*","")) | CF66: 12.1898 | CG66: 23.21518 | CH66: 2.802152 | CI66: =CH66/CD66*100 -> 16.48 | CJ66: 13.48 | CK66: =IF(CO66>50,"**",IF(CO66>25,"*","")) | CL66: 9.01 | CM66: 19.67 | CN66: 2.69 | CO66: =CN66/CJ66*100 -> 19.95549 | CP66: 20.13335 | CQ66: =IF(CU66>50,"**",IF(CU66>25,"*","")) | CR66: 16.8054 | CS66: 23.93078 | CT66: 1.81717 | CU66: =CT66/CP66*100 -> 9.0256713 | CW66: 33.80524 | CX66: =IF(DB66>50,"**",IF(DB66>25,"*","")) | CY66: 27.4999 | CZ66: 40.74382 | DA66: 3.395579 | DB66: =DA66/CW66*100 -> 10.044535 | DC66: 20.79587 | DD66: =IF(DH66>50,"**",IF(DH66>25,"*","")) | DE66: 17.46663 | DF66: 24.57077 | DG66: 1.812106 | DH66: =DG66/DC66*100 -> 8.7137783 | DI66: 21.05322 | DJ66: =IF(DN66>50,"**",IF(DN66>25,"*","")) | DK66: 15.80209 | DL66: 27.4798 | DM66: 2.979037 | DN66: =DM66/DI66*100 -> 14.15003 | DO66: 9.463708 | DP66: =IF(DT66>50,"**",IF(DT66>25,"*","")) | DQ66: 6.959523 | DR66: 12.74552 | DS66: 1.462832 | DT66: =DS66/DO66*100 -> 15.457282 | DU66: 2.101709 | DV66: =IF(DZ66>50,"**",IF(DZ66>25,"*","")) -> * | DW66: 1.126309 | DX66: 3.8886 | DY66: 0.665244 | DZ66: =DY66/DU66*100 -> 31.652527 | EA66: 5.012554 | EB66: =IF(EF66>50,"**",IF(EF66>25,"*","")) | EC66: 3.316694 | ED66: 7.508189 | EE66: 1.046187 | EF66: =EE66/EA66*100 -> 20.871336 | EG66: 4.327767 | EH66: =IF(EL66>50,"**",IF(EL66>25,"*","")) | EI66: 2.844478 | EJ66: 6.53253 | EK66: 0.9190356 | EL66: =EK66/EG66*100 -> 21.235792 | EM66: 1.255815 | EN66: =IF(ER66>50,"**",IF(ER66>25,"*","")) -> * | EO66: 0.6736593 | EP66: 2.329255 | EQ66: 0.3977525 | ER66: =EQ66/EM66*100 -> 31.672858 | ES66: 26.00834 | ET66: =IF(EX66>50,"**",IF(EX66>25,"*","")) | EU66: 20.85812 | EV66: 31.91738 | EW66: 2.827286 | EX66: =EW66/ES66*100 -> 10.87069 | EZ66: 50.89867 | FA66: =IF(FE66>50,"**",IF(FE66>25,"*","")) | FB66: 45.13979 | FC66: 56.63379 | FD66: 2.945102 | FE66: =FD66/EZ66*100 -> 5.7862062 | FF66: 77.39558 | FG66: =IF(FK66>50,"**",IF(FK66>25,"*","")) | FH66: 70.69497 | FI66: 82.93395 | FJ66: 3.125529 | FK66: =FJ66/FF66*100 -> 4.0383818 | FL66: 43.736 | FM66: =IF(FQ66>50,"**",IF(FQ66>25,"*","")) | FN66: 37.4684 | FO66: 50.21018 | FP66: 3.267868 | FQ66: =FP66/FL66*100 -> 7.4718035 | FR66: 65.68282 | FS66: =IF(FW66>50,"**",IF(FW66>25,"*","")) | FT66: 57.26465 | FU66: 73.21828 | FV66: 4.099982 | FW66: =FV66/FR66*100 -> 6.2420919 | FX66: 47.7072 | FY66: =IF(GC66>50,"**",IF(GC66>25,"*","")) | FZ66: 40.50048 | GA66: 55.01068 | GB66: 3.727711 | GC66: =GB66/FX66*100 -> 7.8137283 | GD66: 77.39759 | GE66: =IF(GI66>50,"**",IF(GI66>25,"*","")) | GF66: 67.33348 | GG66: 85.04953 | GH66: 4.529921 | GI66: =GH66/GD66*100 -> 5.8527933 | GJ66: 20.79543 | GK66: =IF(GO66>50,"**",IF(GO66>25,"*","")) | GL66: 15.75393 | GM66: 26.93447 | GN66: 2.851696 | GO66: =GN66/GJ66*100 -> 13.71309
B67: Northern Grampians (S) | D67: 27.93234 | E67: =IF(I67>25,"*",IF(I67>50,"**","")) | F67: 20.76722 | G67: 36.43286 | H67: 4.017693 | I67: =H67/D67*100 -> 14.383661 | J67: 59.47218 | K67: =IF(O67>25,"*",IF(O67>50,"**","")) | L67: 49.8933 | M67: 68.38037 | N67: 4.768673 | O67: =N67/J67*100 -> 8.0183255 | P67: 19.28619 | Q67: =IF(U67>50,"**",IF(U67>25,"*","")) | R67: 12.47572 | S67: 28.59963 | T67: 4.102934 | U67: =T67/P67*100 -> 21.273948 | V67: 9.405026 | W67: =IF(AA67>50,"**",IF(AA67>25,"*","")) | X67: 6.18891 | Y67: 14.04225 | Z67: 1.970846 | AA67: =Z67/V67*100 -> 20.955242 | AB67: 2.328593 | AC67: =IF(AG67>50,"**",IF(AG67>25,"*","")) -> ** | AD67: 0.8445622 | AE67: 6.255782 | AF67: 1.194349 | AG67: =AF67/AB67*100 -> 51.290586 | AH67: 44.69256 | AI67: =IF(AM67>50,"**",IF(AM67>25,"*","")) | AJ67: 35.87386 | AK67: 53.85837 | AL67: 4.637661 | AM67: =AL67/AH67*100 -> 10.376808 | AN67: 6.118157 | AO67: =IF(AS67>50,"**",IF(AS67>25,"*","")) -> * | AP67: 3.409662 | AQ67: 10.73896 | AR67: 1.796646 | AS67: =AR67/AN67*100 -> 29.365804 | AT67: 37.68237 | AU67: =IF(AY67>50,"**",IF(AY67>25,"*","")) | AV67: 29.21254 | AW67: 46.97818 | AX67: 4.577041 | AY67: =AX67/AT67*100 -> 12.146372 | AZ67: 16.58229 | BA67: =IF(BE67>50,"**",IF(BE67>25,"*","")) | BB67: 11.78155 | BC67: 22.83292 | BD67: 2.807085 | BE67: =BD67/AZ67*100 -> 16.928211 | BF67: 20.19349 | BG67: =IF(BK67>50,"**",IF(BK67>25,"*","")) | BH67: 14.99892 | BI67: 26.62362 | BJ67: 2.963607 | BK67: =BJ67/BF67*100 -> 14.676052 | BL67: 66.1305 | BM67: =IF(BQ67>50,"**",IF(BQ67>25,"*","")) | BN67: 57.29024 | BO67: 73.97227 | BP67: 4.28998 | BQ67: =BP67/BL67*100 -> 6.4871428 | BR67: 53.16106 | BS67: =IF(BW67>50,"**",IF(BW67>25,"*","")) | BT67: 44.30993 | BU67: 61.81764 | BV67: 4.512476 | BW67: =BV67/BR67*100 -> 8.4883108 | BX67: 27.36814 | BY67: =IF(CC67>50,"**",IF(CC67>25,"*","")) | BZ67: 20.18199 | CA67: 35.96026 | CB67: 4.045857 | CC67: =CB67/BX67*100 -> 14.783091 | CD67: 22.63479 | CE67: =IF(CI67>50,"**",IF(CI67>25,"*","")) | CF67: 15.85172 | CG67: 31.24274 | CH67: 3.93334 | CI67: =CH67/CD67*100 -> 17.377409 | CJ67: 18.84 | CK67: =IF(CO67>50,"**",IF(CO67>25,"*","")) | CL67: 12.47 | CM67: 27.45 | CN67: 3.81 | CO67: =CN67/CJ67*100 -> 20.22293 | CP67: 33.22805 | CQ67: =IF(CU67>50,"**",IF(CU67>25,"*","")) | CR67: 25.84963 | CS67: 41.53289 | CT67: 4.028796 | CU67: =CT67/CP67*100 -> 12.124684 | CW67: 28.54637 | CX67: =IF(DB67>50,"**",IF(DB67>25,"*","")) | CY67: 23.48316 | CZ67: 34.21313 | DA67: 2.744322 | DB67: =DA67/CW67*100 -> 9.6135586 | DC67: 26.30885 | DD67: =IF(DH67>50,"**",IF(DH67>25,"*","")) | DE67: 22.24859 | DF67: 30.81641 | DG67: 2.188558 | DH67: =DG67/DC67*100 -> 8.318714 | DI67: 28.58811 | DJ67: =IF(DN67>50,"**",IF(DN67>25,"*","")) | DK67: 20.38173 | DL67: 38.50086 | DM67: 4.657221 | DN67: =DM67/DI67*100 -> 16.290762 | DO67: 11.07487 | DP67: =IF(DT67>50,"**",IF(DT67>25,"*","")) | DQ67: 8.020424 | DR67: 15.10156 | DS67: 1.791054 | DT67: =DS67/DO67*100 -> 16.172235 | DU67: 4.986573 | DV67: =IF(DZ67>50,"**",IF(DZ67>25,"*","")) | DW67: 3.627432 | DX67: 6.818931 | DY67: 0.8035634 | DZ67: =DY67/DU67*100 -> 16.114542 | EA67: 6.332788 | EB67: =IF(EF67>50,"**",IF(EF67>25,"*","")) | EC67: 4.780962 | ED67: 8.344173 | EE67: 0.9004309 | EF67: =EE67/EA67*100 -> 14.218554 | EG67: 7.836352 | EH67: =IF(EL67>50,"**",IF(EL67>25,"*","")) | EI67: 5.928044 | EJ67: 10.29176 | EK67: 1.103858 | EL67: =EK67/EG67*100 -> 14.086376 | EM67: 2.554595 | EN67: =IF(ER67>50,"**",IF(ER67>25,"*","")) | EO67: 1.690172 | EP67: 3.843832 | EQ67: 0.535826 | ER67: =EQ67/EM67*100 -> 20.974988 | ES67: 32.72747 | ET67: =IF(EX67>50,"**",IF(EX67>25,"*","")) | EU67: 27.81588 | EV67: 38.04917 | EW67: 2.618083 | EX67: =EW67/ES67*100 -> 7.9996498 | EZ67: 52.27354 | FA67: =IF(FE67>50,"**",IF(FE67>25,"*","")) | FB67: 43.89724 | FC67: 60.52389 | FD67: 4.281082 | FE67: =FD67/EZ67*100 -> 8.1897687 | FF67: 87.21122 | FG67: =IF(FK67>50,"**",IF(FK67>25,"*","")) | FH67: 81.91283 | FI67: 91.12567 | FJ67: 2.329122 | FK67: =FJ67/FF67*100 -> 2.6706678 | FL67: 47.1737 | FM67: =IF(FQ67>50,"**",IF(FQ67>25,"*","")) | FN67: 41.06709 | FO67: 53.36609 | FP67: 3.153358 | FQ67: =FP67/FL67*100 -> 6.6845679 | FR67: 60.27682 | FS67: =IF(FW67>50,"**",IF(FW67>25,"*","")) | FT67: 52.62272 | FU67: 67.45902 | FV67: 3.811332 | FW67: =FV67/FR67*100 -> 6.3230476 | FX67: 55.8169 | FY67: =IF(GC67>50,"**",IF(GC67>25,"*","")) | FZ67: 49.64299 | GA67: 61.81609 | GB67: 3.120533 | GC67: =GB67/FX67*100 -> 5.5906598 | GD67: 76.14603 | GE67: =IF(GI67>50,"**",IF(GI67>25,"*","")) | GF67: 66.94765 | GG67: 83.41855 | GH67: 4.215045 | GI67: =GH67/GD67*100 -> 5.5354757 | GJ67: 17.07154 | GK67: =IF(GO67>50,"**",IF(GO67>25,"*","")) | GL67: 13.04375 | GM67: 22.02802 | GN67: 2.286276 | GO67: =GN67/GJ67*100 -> 13.392324
B68: Port Phillip (C) | D68: 10.16876 | E68: =IF(I68>25,"*",IF(I68>50,"**","")) | F68: 7.042008 | G68: 14.46775 | H68: 1.871845 | I68: =H68/D68*100 -> 18.4078 | J68: 39.41875 | K68: =IF(O68>25,"*",IF(O68>50,"**","")) | L68: 33.30635 | M68: 45.88121 | N68: 3.22401 | O68: =N68/J68*100 -> 8.1788743 | P68: 6.564431 | Q68: =IF(U68>50,"**",IF(U68>25,"*","")) -> * | R68: 3.621345 | S68: 11.61122 | T68: 1.958411 | U68: =T68/P68*100 -> 29.833675 | V68: 17.93676 | W68: =IF(AA68>50,"**",IF(AA68>25,"*","")) -> * | X68: 8.851974 | Y68: 32.97244 | Z68: 6.092005 | AA68: =Z68/V68*100 -> 33.963798 | AB68: 0.3308478 | AC68: =IF(AG68>50,"**",IF(AG68>25,"*","")) -> ** | AD68: 0.1039494 | AE68: 1.04782 | AF68: 0.1951613 | AG68: =AF68/AB68*100 -> 58.988242 | AH68: 38.56371 | AI68: =IF(AM68>50,"**",IF(AM68>25,"*","")) | AJ68: 32.47079 | AK68: 45.03744 | AL68: 3.221715 | AM68: =AL68/AH68*100 -> 8.3542662 | AN68: 5.198667 | AO68: =IF(AS68>50,"**",IF(AS68>25,"*","")) | AP68: 3.498037 | AQ68: 7.660456 | AR68: 1.040932 | AS68: =AR68/AN68*100 -> 20.023056 | AT68: 50.70227 | AU68: =IF(AY68>50,"**",IF(AY68>25,"*","")) | AV68: 44.85532 | AW68: 56.53007 | AX68: 2.991841 | AY68: =AX68/AT68*100 -> 5.9008029 | AZ68: 6.654032 | BA68: =IF(BE68>50,"**",IF(BE68>25,"*","")) -> * | BB68: 3.696649 | BC68: 11.69017 | BD68: 1.961544 | BE68: =BD68/AZ68*100 -> 29.479029 | BF68: 10.08064 | BG68: =IF(BK68>50,"**",IF(BK68>25,"*","")) | BH68: 6.602272 | BI68: 15.09538 | BJ68: 2.132683 | BK68: =BJ68/BF68*100 -> 21.156226 | BL68: 68.85268 | BM68: =IF(BQ68>50,"**",IF(BQ68>25,"*","")) | BN68: 62.73804 | BO68: 74.37377 | BP68: 2.978784 | BQ68: =BP68/BL68*100 -> 4.3263153 | BR68: 51.47023 | BS68: =IF(BW68>50,"**",IF(BW68>25,"*","")) | BT68: 45.30381 | BU68: 57.59221 | BV68: 3.150652 | BW68: =BV68/BR68*100 -> 6.1213093 | BX68: 8.327112 | BY68: =IF(CC68>50,"**",IF(CC68>25,"*","")) | BZ68: 5.43807 | CA68: 12.54734 | CB68: 1.780339 | CC68: =CB68/BX68*100 -> 21.380029 | CD68: 14.65518 | CE68: =IF(CI68>50,"**",IF(CI68>25,"*","")) | CF68: 10.33292 | CG68: 20.37461 | CH68: 2.545236 | CI68: =CH68/CD68*100 -> 17.367484 | CJ68: 10.86 | CK68: =IF(CO68>50,"**",IF(CO68>25,"*","")) | CL68: 7.41 | CM68: 15.65 | CN68: 2.08 | CO68: =CN68/CJ68*100 -> 19.152855 | CP68: 17.69577 | CQ68: =IF(CU68>50,"**",IF(CU68>25,"*","")) | CR68: 13.70809 | CS68: 22.54046 | CT68: 2.248916 | CU68: =CT68/CP68*100 -> 12.708777 | CW68: 24.5648 | CX68: =IF(DB68>50,"**",IF(DB68>25,"*","")) | CY68: 19.50621 | CZ68: 30.43916 | DA68: 2.793591 | DB68: =DA68/CW68*100 -> 11.372334 | DC68: 14.01802 | DD68: =IF(DH68>50,"**",IF(DH68>25,"*","")) | DE68: 11.24665 | DF68: 17.33888 | DG68: 1.54962 | DH68: =DG68/DC68*100 -> 11.054486 | DI68: 14.83851 | DJ68: =IF(DN68>50,"**",IF(DN68>25,"*","")) | DK68: 11.06565 | DL68: 19.61402 | DM68: 2.170951 | DN68: =DM68/DI68*100 -> 14.630519 | DO68: 9.46756 | DP68: =IF(DT68>50,"**",IF(DT68>25,"*","")) | DQ68: 6.651067 | DR68: 13.30672 | DS68: 1.678048 | DT68: =DS68/DO68*100 -> 17.724187 | DU68: 2.606871 | DV68: =IF(DZ68>50,"**",IF(DZ68>25,"*","")) -> * | DW68: 1.57952 | DX68: 4.273418 | DY68: 0.6625966 | DZ68: =DY68/DU68*100 -> 25.417314 | EA68: 9.863985 | EB68: =IF(EF68>50,"**",IF(EF68>25,"*","")) | EC68: 6.395136 | ED68: 14.9146 | EE68: 2.137047 | EF68: =EE68/EA68*100 -> 21.665149 | EG68: 3.388438 | EH68: =IF(EL68>50,"**",IF(EL68>25,"*","")) | EI68: 2.167741 | EJ68: 5.259578 | EK68: 0.7670154 | EL68: =EK68/EG68*100 -> 22.636253 | EM68: 1.566492 | EN68: =IF(ER68>50,"**",IF(ER68>25,"*","")) -> * | EO68: 0.6946881 | EP68: 3.493881 | EQ68: 0.646625 | ER68: =EQ68/EM68*100 -> 41.278538 | ES68: 18.55988 | ET68: =IF(EX68>50,"**",IF(EX68>25,"*","")) | EU68: 14.61575 | EV68: 23.27818 | EW68: 2.207059 | EX68: =EW68/ES68*100 -> 11.891559 | EZ68: 52.54913 | FA68: =IF(FE68>50,"**",IF(FE68>25,"*","")) | FB68: 46.83199 | FC68: 58.20022 | FD68: 2.912567 | FE68: =FD68/EZ68*100 -> 5.5425599 | FF68: 78.69683 | FG68: =IF(FK68>50,"**",IF(FK68>25,"*","")) | FH68: 72.7414 | FI68: 83.6437 | FJ68: 2.781608 | FK68: =FJ68/FF68*100 -> 3.5345871 | FL68: 44.98291 | FM68: =IF(FQ68>50,"**",IF(FQ68>25,"*","")) | FN68: 38.89723 | FO68: 51.22255 | FP68: 3.16006 | FQ68: =FP68/FL68*100 -> 7.0250235 | FR68: 58.18253 | FS68: =IF(FW68>50,"**",IF(FW68>25,"*","")) | FT68: 47.58784 | FU68: 68.07245 | FV68: 5.298159 | FW68: =FV68/FR68*100 -> 9.1060994 | FX68: 48.42107 | FY68: =IF(GC68>50,"**",IF(GC68>25,"*","")) | FZ68: 40.03007 | GA68: 56.90206 | GB68: 4.345441 | GC68: =GB68/FX68*100 -> 8.9742771 | GD68: 76.58311 | GE68: =IF(GI68>50,"**",IF(GI68>25,"*","")) | GF68: 62.37155 | GG68: 86.58194 | GH68: 6.217135 | GI68: =GH68/GD68*100 -> 8.1181543 | GJ68: 21.28084 | GK68: =IF(GO68>50,"**",IF(GO68>25,"*","")) | GL68: 16.08832 | GM68: 27.59806 | GN68: 2.936624 | GO68: =GN68/GJ68*100 -> 13.79938
... B88: Yarriambiack (S) | D88: 27.0328 | E88: =IF(I88>25,"*",IF(I88>50,"**","")) | F88: 18.17792 | G88: 38.18793 | H88: 5.146344 | I88: =H88/D88*100 -> 19.037406 | J88: 55.20255 | K88: =IF(O88>25,"*",IF(O88>50,"**","")) | L88: 44.01741 | M88: 65.88495 | N88: 5.668891 | O88: =N88/J88*100 -> 10.269256 | P88: 13.34062 | Q88: =IF(U88>50,"**",IF(U88>25,"*","")) -> * | R88: 7.239646 | S88: 23.29199 | T88: 4.006578 | U88: =T88/P88*100 -> 30.032922 | V88: 2.300812 | W88: =IF(AA88>50,"**",IF(AA88>25,"*","")) -> * | X88: 1.189735 | Y88: 4.403269 | Z88: 0.7693555 | AA88: =Z88/V88*100 -> 33.438434 | AB88: 3.667173 | AC88: =IF(AG88>50,"**",IF(AG88>25,"*","")) -> ** | AD88: 1.328231 | AE88: 9.719167 | AF88: 1.873668 | AG88: =AF88/AB88*100 -> 51.092981 | AH88: 48.72922 | AI88: =IF(AM88>50,"**",IF(AM88>25,"*","")) | AJ88: 38.05258 | AK88: 59.52309 | AL88: 5.563588 | AM88: =AL88/AH88*100 -> 11.417355 | AN88: 4.816242 | AO88: =IF(AS88>50,"**",IF(AS88>25,"*","")) -> * | AP88: 2.664208 | AQ88: 8.553834 | AR88: 1.43711 | AS88: =AR88/AN88*100 -> 29.838825 | AT88: 40.84268 | AU88: =IF(AY88>50,"**",IF(AY88>25,"*","")) | AV88: 30.82425 | AW88: 51.68444 | AX88: 5.397716 | AY88: =AX88/AT88*100 -> 13.215871 | AZ88: 17.68029 | BA88: =IF(BE88>50,"**",IF(BE88>25,"*","")) -> * | BB88: 10.01661 | BC88: 29.29829 | BD88: 4.880228 | BE88: =BD88/AZ88*100 -> 27.602647 | BF88: 22.79586 | BG88: =IF(BK88>50,"**",IF(BK88>25,"*","")) | BH88: 14.15019 | BI88: 34.59529 | BJ88: 5.234791 | BK88: =BJ88/BF88*100 -> 22.963779 | BL88: 60.96986 | BM88: =IF(BQ88>50,"**",IF(BQ88>25,"*","")) | BN88: 53.27408 | BO88: 68.15578 | BP88: 3.823111 | BQ88: =BP88/BL88*100 -> 6.2704933 | BR88: 49.88333 | BS88: =IF(BW88>50,"**",IF(BW88>25,"*","")) | BT88: 42.29453 | BU88: 57.4775 | BV88: 3.903318 | BW88: =BV88/BR88*100 -> 7.8248946 | BX88: 26.15489 | BY88: =IF(CC88>50,"**",IF(CC88>25,"*","")) | BZ88: 18.11043 | CA88: 36.19332 | CB88: 4.640726 | CC88: =CB88/BX88*100 -> 17.743244 | CD88: 18.38929 | CE88: =IF(CI88>50,"**",IF(CI88>25,"*","")) | CF88: 12.74399 | CG88: 25.79601 | CH88: 3.319954 | CI88: =CH88/CD88*100 -> 18.053737 | CJ88: 17.61 | CK88: =IF(CO88>50,"**",IF(CO88>25,"*","")) | CL88: 11.61 | CM88: 25.8 | CN88: 3.6 | CO88: =CN88/CJ88*100 -> 20.44293 | CP88: 27.32338 | CQ88: =IF(CU88>50,"**",IF(CU88>25,"*","")) | CR88: 22.49421 | CS88: 32.7512 | CT88: 2.622159 | CU88: =CT88/CP88*100 -> 9.5967593 | CW88: 35.87058 | CX88: =IF(DB88>50,"**",IF(DB88>25,"*","")) | CY88: 27.07904 | CZ88: 45.72656 | DA88: 4.807552 | DB88: =DA88/CW88*100 -> 13.402493 | DC88: 24.88467 | DD88: =IF(DH88>50,"**",IF(DH88>25,"*","")) | DE88: 21.30233 | DF88: 28.84859 | DG88: 1.926635 | DH88: =DG88/DC88*100 -> 7.7422566 | DI88: 22.5072 | DJ88: =IF(DN88>50,"**",IF(DN88>25,"*","")) | DK88: 15.73837 | DL88: 31.11231 | DM88: 3.928491 | DN88: =DM88/DI88*100 -> 17.454375 | DO88: 9.53828 | DP88: =IF(DT88>50,"**",IF(DT88>25,"*","")) | DQ88: 6.46985 | DR88: 13.84652 | DS88: 1.85561 | DT88: =DS88/DO88*100 -> 19.454346 | DU88: 5.632756 | DV88: =IF(DZ88>50,"**",IF(DZ88>25,"*","")) | DW88: 3.623471 | DX88: 8.656156 | DY88: 1.253549 | DZ88: =DY88/DU88*100 -> 22.25463 | EA88: 8.117263 | EB88: =IF(EF88>50,"**",IF(EF88>25,"*","")) -> * | EC88: 4.882173 | ED88: 13.19857 | EE88: 2.066257 | EF88: =EE88/EA88*100 -> 25.455095 | EG88: 8.897763 | EH88: =IF(EL88>50,"**",IF(EL88>25,"*","")) | EI88: 6.154056 | EJ88: 12.69919 | EK88: 1.64749 | EL88: =EK88/EG88*100 -> 18.515778 | EM88: 0.9629549 | EN88: =IF(ER88>50,"**",IF(ER88>25,"*","")) -> * | EO88: 0.5325247 | EP88: 1.735225 | EQ88: 0.2903395 | ER88: =EQ88/EM88*100 -> 30.150893 | ES88: 33.65733 | ET88: =IF(EX88>50,"**",IF(EX88>25,"*","")) | EU88: 26.7237 | EV88: 41.37416 | EW88: 3.76039 | EX88: =EW88/ES88*100 -> 11.172574 | EZ88: 49.65937 | FA88: =IF(FE88>50,"**",IF(FE88>25,"*","")) | FB88: 39.495 | FC88: 59.85197 | FD88: 5.266583 | FE88: =FD88/EZ88*100 -> 10.605416 | FF88: 91.67213 | FG88: =IF(FK88>50,"**",IF(FK88>25,"*","")) | FH88: 85.63097 | FI88: 95.31244 | FJ88: 2.390123 | FK88: =FJ88/FF88*100 -> 2.6072515 | FL88: 56.3423 | FM88: =IF(FQ88>50,"**",IF(FQ88>25,"*","")) | FN88: 45.58864 | FO88: 66.53096 | FP88: 5.421205 | FQ88: =FP88/FL88*100 -> 9.6219093 | FR88: 63.25681 | FS88: =IF(FW88>50,"**",IF(FW88>25,"*","")) | FT88: 54.32406 | FU88: 71.36349 | FV88: 4.385631 | FW88: =FV88/FR88*100 -> 6.9330575 | FX88: 45.72643 | FY88: =IF(GC88>50,"**",IF(GC88>25,"*","")) | FZ88: 37.74536 | GA88: 53.93308 | GB88: 4.165753 | GC88: =GB88/FX88*100 -> 9.1101645 | GD88: 87.63663 | GE88: =IF(GI88>50,"**",IF(GI88>25,"*","")) | GF88: 81.02127 | GG88: 92.16897 | GH88: 2.802737 | GI88: =GH88/GD88*100 -> 3.1981342 | GJ88: 15.34847 | GK88: =IF(GO88>50,"**",IF(GO88>25,"*","")) | GL88: 10.4648 | GM88: 21.95244 | GN88: 2.91063 | GO88: =GN88/GJ88*100 -> 18.963649
A89: Victoria | D89: 19.26897 | E89: =IF(I89>25,"*",IF(I89>50,"**","")) | F89: 18.58293 | G89: 19.97411 | H89: 0.354879 | I89: =H89/D89*100 -> 1.8417123 | J89: 50.80429 | K89: =IF(O89>25,"*",IF(O89>50,"**","")) | L89: 49.90919 | M89: 51.69888 | N89: 0.456592 | O89: =N89/J89*100 -> 0.89872725 | P89: 10.09867 | Q89: =IF(U89>50,"**",IF(U89>25,"*","")) | R89: 9.516874 | S89: 10.71183 | T89: 0.3047296 | U89: =T89/P89*100 -> 3.0175221 | V89: 15.2893 | W89: =IF(AA89>50,"**",IF(AA89>25,"*","")) | X89: 14.59565 | Y89: 16.00974 | Z89: 0.3606931 | AA89: =Z89/V89*100 -> 2.3591211 | AB89: 2.539791 | AC89: =IF(AG89>50,"**",IF(AG89>25,"*","")) | AD89: 2.256574 | AE89: 2.857514 | AF89: 0.1529796 | AG89: =AF89/AB89*100 -> 6.0233145 | AH89: 44.08774 | AI89: =IF(AM89>50,"**",IF(AM89>25,"*","")) | AJ89: 43.18836 | AK89: 44.99101 | AL89: 0.4598989 | AM89: =AL89/AH89*100 -> 1.0431446 | AN89: 5.388293 | AO89: =IF(AS89>50,"**",IF(AS89>25,"*","")) | AP89: 5.0284 | AQ89: 5.77238 | AR89: 0.1896708 | AS89: =AR89/AN89*100 -> 3.5200536 | AT89: 43.19355 | AU89: =IF(AY89>50,"**",IF(AY89>25,"*","")) | AV89: 42.28772 | AW89: 44.10395 | AX89: 0.4633656 | AY89: =AX89/AT89*100 -> 1.0727657 | AZ89: 12.42754 | BA89: =IF(BE89>50,"**",IF(BE89>25,"*","")) | BB89: 11.80477 | BC89: 13.0783 | BD89: 0.3248103 | BE89: =BD89/AZ89*100 -> 2.6136331 | BF89: 16.741 | BG89: =IF(BK89>50,"**",IF(BK89>25,"*","")) | BH89: 16.03742 | BI89: 17.46903 | BJ89: 0.365174 | BK89: =BJ89/BF89*100 -> 2.1813153 | BL89: 59.48907 | BM89: =IF(BQ89>50,"**",IF(BQ89>25,"*","")) | BN89: 58.59407 | BO89: 60.37781 | BP89: 0.4550752 | BQ89: =BP89/BL89*100 -> 0.76497279 | BR89: 42.98549 | BS89: =IF(BW89>50,"**",IF(BW89>25,"*","")) | BT89: 42.10708 | BU89: 43.86834 | BV89: 0.4493391 | BW89: =BV89/BR89*100 -> 1.0453274 | BX89: 20.28965 | BY89: =IF(CC89>50,"**",IF(CC89>25,"*","")) | BZ89: 19.55869 | CA89: 21.04079 | CB89: 0.3780782 | CC89: =CB89/BX89*100 -> 1.8634042 | CD89: 20.45532 | CE89: =IF(CI89>50,"**",IF(CI89>25,"*","")) | CF89: 19.69321 | CG89: 21.23913 | CH89: 0.3943577 | CI89: =CH89/CD89*100 -> 1.927898 | CJ89: 15.43 | CK89: =IF(CO89>50,"**",IF(CO89>25,"*","")) | CL89: 14.75 | CM89: 16.14 | CN89: 0.36 | CO89: =CN89/CJ89*100 -> 2.3331173 | CP89: 25.42567 | CQ89: =IF(CU89>50,"**",IF(CU89>25,"*","")) | CR89: 24.74985 | CS89: 26.11354 | CT89: 0.3478848 | CU89: =CT89/CP89*100 -> 1.3682424 | CW89: 27.36389 | CX89: =IF(DB89>50,"**",IF(DB89>25,"*","")) | CY89: 26.566 | CZ89: 28.17655 | DA89: 0.4108684 | DB89: =DA89/CW89*100 -> 1.5014985 | DC89: 20.54975 | DD89: =IF(DH89>50,"**",IF(DH89>25,"*","")) | DE89: 19.97896 | DF89: 21.13254 | DG89: 0.2942746 | DH89: =DG89/DC89*100 -> 1.4320106 | DI89: 19.9574 | DJ89: =IF(DN89>50,"**",IF(DN89>25,"*","")) | DK89: 19.24135 | DL89: 20.69326 | DM89: 0.3703749 | DN89: =DM89/DI89*100 -> 1.8558274 | DO89: 8.055676 | DP89: =IF(DT89>50,"**",IF(DT89>25,"*","")) | DQ89: 7.650898 | DR89: 8.479904 | DS89: 0.211416 | DT89: =DS89/DO89*100 -> 2.6244352 | DU89: 5.452335 | DV89: =IF(DZ89>50,"**",IF(DZ89>25,"*","")) | DW89: 5.114101 | DX89: 5.81157 | DY89: 0.1778291 | DZ89: =DY89/DU89*100 -> 3.2615219 | EA89: 6.74474 | EB89: =IF(EF89>50,"**",IF(EF89>25,"*","")) | EC89: 6.381202 | ED89: 7.127412 | EE89: 0.1902868 | EF89: =EE89/EA89*100 -> 2.8212622 | EG89: 5.669229 | EH89: =IF(EL89>50,"**",IF(EL89>25,"*","")) | EI89: 5.326293 | EJ89: 6.032838 | EK89: 0.1801491 | EL89: =EK89/EG89*100 -> 3.1776649 | EM89: 2.364184 | EN89: =IF(ER89>50,"**",IF(ER89>25,"*","")) | EO89: 2.142138 | EP89: 2.608632 | EQ89: 0.1188279 | ER89: =EQ89/EM89*100 -> 5.0261697 | ES89: 25.48854 | ET89: =IF(EX89>50,"**",IF(EX89>25,"*","")) | EU89: 24.80298 | EV89: 26.18645 | EW89: 0.3529299 | EX89: =EW89/ES89*100 -> 1.3846611 | EZ89: 56.78789 | FA89: =IF(FE89>50,"**",IF(FE89>25,"*","")) | FB89: 55.95063 | FC89: 57.62128 | FD89: 0.4262163 | FE89: =FD89/EZ89*100 -> 0.75054083 | FF89: 79.5963 | FG89: =IF(FK89>50,"**",IF(FK89>25,"*","")) | FH89: 78.80486 | FI89: 80.36555 | FJ89: 0.3981249 | FK89: =FJ89/FF89*100 -> 0.50018016 | FL89: 50.72365 | FM89: =IF(FQ89>50,"**",IF(FQ89>25,"*","")) | FN89: 49.86354 | FO89: 51.58334 | FP89: 0.438759 | FQ89: =FP89/FL89*100 -> 0.86499887 | FR89: 60.14296 | FS89: =IF(FW89>50,"**",IF(FW89>25,"*","")) | FT89: 58.76671 | FU89: 61.50336 | FV89: 0.6982467 | FW89: =FV89/FR89*100 -> 1.1609783 | FX89: 46.75256 | FY89: =IF(GC89>50,"**",IF(GC89>25,"*","")) | FZ89: 45.59576 | GA89: 47.91285 | GB89: 0.5911798 | GC89: =GB89/FX89*100 -> 1.2644865 | GD89: 79.2266 | GE89: =IF(GI89>50,"**",IF(GI89>25,"*","")) | GF89: 77.66267 | GG89: 80.70823 | GH89: 0.776826 | GI89: =GH89/GD89*100 -> 0.9805116 | GJ89: 17.56419 | GK89: =IF(GO89>50,"**",IF(GO89>25,"*","")) | GL89: 16.87218 | GM89: 18.27835 | GN89: 0.3586909 | GO89: =GN89/GJ89*100 -> 2.0421716
A91: Rural / Metropolitan local government area
A92: a Data are age-standardised to the 2011 Victorian population; b Data are crude estimates (not age-standardised).
A93: Estimates that are significantly different (statistically) from the corresponding estimate for Victoria are identified by colour as follows: above or below.
A94: Relative Standard Error (RSE) = standard error / point estimate * 100; interpretation below:
A95: * | B95: RSE between 25 and 50 per cent; point estimate (%) should be interpreted with caution.
A96: ** | B96: RSE greater than, or equal to, 50 per cent; point estimate (%) is unreliable, hence not reported.
A108: Return to Index

Sheet BMI
A1: Proportion (%) of adult population (18+ years), by body mass index a category and sex, Victoria, 2015-17
C3: Body weight status based on BMIa
C4: Underweight (BMI < 18.5) | J4: Normal range (18.5 ≥ BMI < 25) | Q4: Pre-obese (25 ≥ BMI < 30) | X4: Obese (BMI ≥ 30)
E5: 95% CI | L5: 95% CI | S5: 95% CI | Z5: 95% CI
A6: Sex | B6: Year | C6: % | E6: LL | F6: UL | G6: SE | H6: RSE | J6: % | L6: LL | M6: UL | N6: SE | O6: RSE | Q6: % | S6: LL | T6: UL | U6: SE | V6: RSE | X6: % | Z6: LL | AA6: UL | AB6: SE | AC6: RSE
A7: Males
B8: 2015 | C8: 0.9381299 | E8: 0.5758539 | F8: 1.524822 | G8: 0.2330987 | H8: 24.847167 | J8: 35.93126 | L8: 33.7807 | M8: 38.13988 | N8: 1.112515 | O8: 3.0962315 | Q8: 37.15587 | S8: 34.94757 | T8: 39.41915 | U8: 1.14125 | V8: 3.0715201 | X8: 20.10949 | Z8: 18.33271 | AA8: 22.01206 | AB8: 0.9384063 | AC8: 4.6664848
B9: 2016 | C9: 1.466624 | E9: 0.9419867 | F9: 2.276741 | G9: 0.3302925 | H9: 22.520598 | J9: 32.86771 | L9: 30.82682 | M9: 34.97539 | N9: 1.058664 | O9: 3.220985 | Q9: 38.16021 | S9: 36.02978 | T9: 40.33718 | U9: 1.099305 | V9: 2.8807624 | X9: 20.61233 | Z9: 18.87775 | AA9: 22.46216
B10: 2017 | C10: 1.430653 | E10: 1.132426 | F10: 1.805985 | G10: 0.1703633 | H10: 11.90808 | J10: 34.71389 | L10: 33.47807 | M10: 35.97065 | N10: 0.6359653 | O10: 1.8320197 | Q10: 39.25007 | S10: 37.98472 | T10: 40.53003 | U10: 0.6494369 | V10: 1.6546134 | X10: 18.98512 | Z10: 18.04702 | AA10: 19.96011 | AB10: 0.4879998 | AC10: 2.5704331
A11: Females
B12: 2015 | C12: 3.864224 | E12: 3.058086 | F12: 4.872187 | G12: 0.4592235 | H12: 11.883977 | J12: 41.62931 | L12: 39.49056 | M12: 43.80004 | N12: 1.099864 | O12: 2.6420423 | Q12: 23.44339 | S12: 21.63045 | T12: 25.35912 | U12: 0.9511931 | V12: 4.0574042 | X12: 18.12173 | Z12: 16.48807 | AA12: 19.87872 | AB12: 0.8646371 | AC12: 4.7712724
B13: 2016 | C13: 3.171398 | E13: 2.506439 | F13: 4.005522 | G13: 0.3793384 | H13: 11.961236 | J13: 42.44918 | L13: 40.47216 | M13: 44.45066 | N13: 1.0153 | O13: 2.3918012 | Q13: 23.2675 | S13: 21.62947 | T13: 24.99002 | U13: 0.8572535 | V13: 3.6843387 | X13: 17.70106 | Z13: 16.27272 | AA13: 19.22599
B14: 2017 | C14: 2.96929 | E14: 2.538547 | F14: 3.470518 | G14: 0.236895 | H14: 7.9781699 | J14: 41.17994 | L14: 39.93683 | M14: 42.43441 | N14: 0.637254 | O14: 1.5474865 | Q14: 24.16799 | S14: 23.13639 | T14: 25.23049 | U14: 0.5342272 | V14: 2.2104743 | X14: 19.53639 | Z14: 18.54704 | AA14: 20.56518 | AB14: 0.5148019 | AC14: 2.6350923
A15: People
B16: 2015 | C16: 2.414831 | E16: 1.953242 | F16: 2.982184 | G16: 0.2606926 | H16: 10.79548 | J16: 38.88583 | L16: 37.36156 | M16: 40.43216 | N16: 0.7834399 | O16: 2.0147182 | Q16: 30.09282 | S16: 28.64992 | T16: 31.57624 | U16: 0.7465665 | V16: 2.4808792 | X16: 19.12602 | Z16: 17.9078 | AA16: 20.40651 | AB16: 0.6372885 | AC16: 3.3320497
B17: 2016 | C17: 2.316507 | E17: 1.873327 | F17: 2.861476 | G17: 0.2503453 | H17: 10.807017 | J17: 37.72015 | L17: 36.28318 | M17: 39.17905 | N17: 0.7388289 | O17: 1.9587115 | Q17: 30.55779 | S17: 29.18863 | T17: 31.96219 | U17: 0.7075774 | V17: 2.3155385 | X17: 19.12806 | Z17: 17.9931 | AA17: 20.31686
B18: 2017 | C18: 2.208708 | E18: 1.939887 | F18: 2.513825 | G18: 0.1460379 | H18: 6.6119152 | J18: 38.00231 | L18: 37.12454 | M18: 38.88799 | N18: 0.4498933 | O18: 1.1838578 | Q18: 31.53533 | S18: 30.70748 | T18: 32.37506 | U18: 0.4254282 | V18: 1.3490526 | X18: 19.26897 | Z18: 18.58293 | AA18: 19.97411 | AB18: 0.354879 | AC18: 1.8417123
A20: Data were age-standardised to the 2011 Victorian population.
A21: LL/UL 95% CI = lower/upper limit of 95 per cent confidence interval.
A22: Estimates that are (statistically) significantly different from the corresponding estimate for 2017 are identified by colour as follows: above or below.
A23: Estimates may not add to 100 per cent due to a proportion of 'don't know' or 'refused to say' responses, not reported here.
A24: Relative standard error (RSE) = standard error / point estimate * 100; interpretation below:
A25: * | B25: RSE between 25 and 50 per cent; point estimate (%) should be interpreted with caution.
A26: ** | B26: RSE greater than, or equal to, 50 per cent; point estimate (%) is unreliable, hence not reported.
A27: a Computed from self-reported height and weight [BMI = weight (kg) / height squared (m2)]
A28: Corresponding estimates are significantly (statistically) different between years if their 95% CI do NOT overlap.
A30: Return to Index

Sheet Physical activity
A1: Proportion (%) of adult population (18+ years), by compliance with physical activity guidelinesa, by sex, Victoria, 2015-17
C3: Did not meet guidelines
C4: Sedentary | J4: Insufficient | Q4: Met guidelines
E5: 95% CI | L5: 95% CI | S5: 95% CI
B6: Year | C6: % | E6: LL | F6: UL | G6: SE | H6: RSE | J6: % | L6: LL | M6: UL | N6: SE | O6: RSE | Q6: % | S6: LL | T6: UL | U6: SE | V6: RSE
A7: Males
B8: 2015 | C8: 3.084516 | D8: =IF(H8>=50,"**",(IF(H8>25,IF(H8<50,"*"," ")," "))) | E8: 2.315562 | F8: 4.098112 | G8: 0.4493277 | H8: 14.567203 | J8: 46.93175 | K8: =IF(O8>=50,"**",(IF(O8>25,IF(O8<50,"*"," ")," "))) | L8: 44.7101 | M8: 49.16562 | N8: 1.137202 | O8: 2.4230974 | Q8: 47.82998 | R8: =IF(V8>=50,"**",(IF(V8>25,IF(V8<50,"*"," ")," "))) | S8: 45.54883 | T8: 50.12021 | U8: 1.166818 | V8: 2.4395118
B9: 2016 | C9: 3.124124 | D9: =IF(H9>=50,"**",(IF(H9>25,IF(H9<50,"*"," ")," "))) | E9: 2.465631 | F9: 3.951355 | G9: 0.3759153 | H9: 12.032663 | J9: 45.03929 | K9: =IF(O9>=50,"**",(IF(O9>25,IF(O9<50,"*"," ")," "))) | L9: 42.88701 | M9: 47.2103 | N9: 1.103405 | O9: 2.4498721 | Q9: 50.01537 | R9: =IF(V9>=50,"**",(IF(V9>25,IF(V9<50,"*"," ")," "))) | S9: 47.82988 | T9: 52.20081 | U9: 1.115587 | V9: 2.2304883
B10: 2017 | C10: 2.25 | D10: =IF(H10>=50,"**",(IF(H10>25,IF(H10<50,"*"," ")," "))) | E10: 1.9 | F10: 2.67 | G10: 0.2 | H10: 8.8888889 | J10: 42.8 | K10: =IF(O10>=50,"**",(IF(O10>25,IF(O10<50,"*"," ")," "))) | L10: 41.51 | M10: 44.1 | N10: 0.66 | O10: 1.5420561 | Q10: 52.83 | R10: =IF(V10>=50,"**",(IF(V10>25,IF(V10<50,"*"," ")," "))) | S10: 51.54 | T10: 54.12 | U10: 0.66 | V10: 1.2492902
A11: Females
B12: 2015 | C12: 4.072344 | D12: =IF(H12>=50,"**",(IF(H12>25,IF(H12<50,"*"," ")," "))) | E12: 3.234497 | F12: 5.115749 | G12: 0.4763711 | H12: 11.697713 | J12: 48.03959 | K12: =IF(O12>=50,"**",(IF(O12>25,IF(O12<50,"*"," ")," "))) | L12: 45.91377 | M12: 50.17253 | N12: 1.086924 | O12: 2.2625589 | Q12: 46.21042 | R12: =IF(V12>=50,"**",(IF(V12>25,IF(V12<50,"*"," ")," "))) | S12: 44.05759 | T12: 48.37748 | U12: 1.102542 | V12: 2.3859164
B13: 2016 | C13: 2.620055 | D13: =IF(H13>=50,"**",(IF(H13>25,IF(H13<50,"*"," ")," "))) | E13: 2.072085 | F13: 3.308042 | G13: 0.3126998 | H13: 11.934856 | J13: 45.80938 | K13: =IF(O13>=50,"**",(IF(O13>25,IF(O13<50,"*"," ")," "))) | L13: 43.82171 | M13: 47.81047 | N13: 1.017932 | O13: 2.2221039 | Q13: 49.24238 | R13: =IF(V13>=50,"**",(IF(V13>25,IF(V13<50,"*"," ")," "))) | S13: 47.24082 | T13: 51.24637 | U13: 1.022226 | V13: 2.075907
B14: 2017 | C14: 2.79 | D14: =IF(H14>=50,"**",(IF(H14>25,IF(H14<50,"*"," ")," "))) | E14: 2.37 | F14: 3.28 | G14: 0.23 | H14: 8.2437276 | J14: 45.38 | K14: =IF(O14>=50,"**",(IF(O14>25,IF(O14<50,"*"," ")," "))) | L14: 44.13 | M14: 46.65 | N14: 0.64 | O14: 1.4103129 | Q14: 48.99 | R14: =IF(V14>=50,"**",(IF(V14>25,IF(V14<50,"*"," ")," "))) | S14: 47.72 | T14: 50.25 | U14: 0.65 | V14: 1.3268014
A15: People
B16: 2015 | C16: 3.590763 | D16: =IF(H16>=50,"**",(IF(H16>25,IF(H16<50,"*"," ")," "))) | E16: 3.000189 | F16: 4.292445 | G16: 0.3281152 | H16: 9.1377571 | J16: 47.45593 | K16: =IF(O16>=50,"**",(IF(O16>25,IF(O16<50,"*"," ")," "))) | L16: 45.91806 | M16: 48.99863 | N16: 0.785998 | O16: 1.6562693 | Q16: 47.03504 | R16: =IF(V16>=50,"**",(IF(V16>25,IF(V16<50,"*"," ")," "))) | S16: 45.46727 | T16: 48.60868 | U16: 0.8015319 | V16: 1.7041165
B17: 2016 | C17: 2.864317 | D17: =IF(H17>=50,"**",(IF(H17>25,IF(H17<50,"*"," ")," "))) | E17: 2.421867 | F17: 3.384793 | G17: 0.2446002 | H17: 8.5395646 | J17: 45.40893 | K17: =IF(O17>=50,"**",(IF(O17>25,IF(O17<50,"*"," ")," "))) | L17: 43.94258 | M17: 46.8833 | N17: 0.75029 | O17: 1.6522961 | Q17: 49.61002 | R17: =IF(V17>=50,"**",(IF(V17>25,IF(V17<50,"*"," ")," "))) | S17: 48.13021 | T17: 51.09052 | U17: 0.7552928 | V17: 1.5224602
B18: 2017 | C18: 2.54 | D18: =IF(H18>=50,"**",(IF(H18>25,IF(H18<50,"*"," ")," "))) | E18: 2.26 | F18: 2.86 | G18: 0.15 | H18: 5.9055118 | J18: 44.09 | K18: =IF(O18>=50,"**",(IF(O18>25,IF(O18<50,"*"," ")," "))) | L18: 43.19 | M18: 44.99 | N18: 0.46 | O18: 1.0433205 | Q18: 50.87 | R18: =IF(V18>=50,"**",(IF(V18>25,IF(V18<50,"*"," ")," "))) | S18: 49.96 | T18: 51.77 | U18: 0.46 | V18: 0.90426578
A20: Data were age-standardised to the 2011 Victorian population.
A21: LL/UL 95% CI = lower/upper limit of 95 per cent confidence interval.
A22: Estimates that are (statistically) significantly different from the corresponding estimate for 2015 are identified by colour as follows: above or below.
A23: Estimates may not add to 100 per cent due to a proportion of 'don't know' or 'refused to say' responses, not reported here.
A24: Relative standard error (RSE) = standard error / point estimate * 100; interpretation below:
A25: * | B25: RSE between 25 and 50 per cent; point estimate (%) should be interpreted with caution.
A26: ** | B26: RSE greater than, or equal to, 50 per cent; point estimate (%) is unreliable, hence not reported.
A27: a | B27: DoH (2014) guidelines.
A28: Corresponding estimates are significantly (statistically) different between years if their 95% CI do NOT overlap.
A30: Return to Index

Sheet Fruit & Veg
A1: Proportion (%) of adult population (18+ years), by compliance with fruit and vegetable consumption guidelinesa and sex, Victoria, 2015-17
C3: Met fruit and vegetable consumption guidelines | J3: Met vegetable consumption guidelines onlyb | Q3: Met fruit consumption guidelines onlyb | X3: Did not meet fruit and vegetable consumption guidelines
E4: 95% CI | L4: 95% CI | S4: 95% CI | Z4: 95% CI
B5: Year | C5: % | E5: LL | F5: UL | G5: SE | H5: RSE | J5: % | L5: LL | M5: UL | N5: SE | O5: RSE | Q5: % | S5: LL | T5: UL | U5: SE | V5: RSE | X5: % | Z5: LL | AA5: UL | AB5: SE | AC5: RSE
A6: Males
B7: 2015 | C7: 1.671664 | E7: 1.203294 | F7: 2.318065 | G7: 0.2796525 | H7: 16.72899 | J7: 2.349247 | L7: 1.777508 | M7: 3.099084 | N7: 0.3332008 | O7: 14.183302 | Q7: 39.68474 | S7: 37.42132 | T7: 41.9932 | U7: 1.166909 | V7: 2.9404476 | X7: 55.53887 | Z7: 53.21042 | AA7: 57.84326 | AB7: 1.18252 | AC7: 2.1291755
B8: 2016 | C8: 1.553783 | E8: 1.084363 | F8: 2.221851 | G8: 0.2843922 | H8: 18.303212 | J8: 2.291969 | L8: 1.707058 | M8: 3.071033 | N8: 0.3434169 | O8: 14.983488 | Q8: 38.58055 | S8: 36.44582 | T8: 40.76014 | U8: 1.101077 | V8: 2.8539692 | X8: 57.87374 | Z8: 55.66569 | AA8: 60.05074 | AB8: 1.119176 | AC8: 1.9338235
B9: 2017 | C9: 1.57 | E9: 1.27 | F9: 1.95 | G9: 0.17 | H9: 10.828025 | J9: 2.22 | L9: 1.87 | M9: 2.63 | N9: 0.19 | O9: 8.5585586 | Q9: 39.3 | S9: 38.02 | T9: 40.6 | U9: 0.66 | V9: 1.6793893 | X9: 56.75 | Z9: 55.44 | AA9: 58.06 | AB9: 0.67 | AC9: 1.1806167
A10: Females
B11: 2015 | C11: 6.463707 | E11: 5.521762 | F11: 7.553488 | G11: 0.5166865 | H11: 7.993656 | J11: 9.193116 | L11: 8.091437 | M11: 10.42777 | N11: 0.5949569 | O11: 6.4717654 | Q11: 46.93274 | S11: 44.73315 | T11: 49.14431 | U11: 1.12587 | V11: 2.3989011 | X11: 48.10502 | Z11: 45.89262 | AA11: 50.32488 | AB11: 1.131263 | AC11: 2.3516527
B12: 2016 | C12: 4.79707 | E12: 4.121776 | F12: 5.576567 | G12: 0.3699389 | H12: 7.7117678 | J12: 7.077634 | L12: 6.212098 | M12: 8.05341 | N12: 0.4687332 | O12: 6.6227386 | Q12: 43.97666 | S12: 41.99221 | T12: 45.98056 | U12: 1.017822 | V12: 2.3144595 | X12: 51.89272 | Z12: 49.87162 | AA12: 53.90764 | AB12: 1.03001 | AC12: 1.9848834
B13: 2017 | C13: 5.48 | E13: 5.01 | F13: 5.99 | G13: 0.25 | H13: 4.5620438 | J13: 8.42 | L13: 7.81 | M13: 9.07 | N13: 0.32 | O13: 3.8004751 | Q13: 46.84 | S13: 45.56 | T13: 48.11 | U13: 0.65 | V13: 1.3877028 | X13: 46.88 | Z13: 45.6 | AA13: 48.15 | AB13: 0.65 | AC13: 1.3865188
A14: People
B15: 2015 | C15: 4.103203 | E15: 3.556384 | F15: 4.729976 | G15: 0.2985036 | H15: 7.2748923 | J15: 5.842387 | L15: 5.195151 | M15: 6.564675 | N15: 0.3487189 | O15: 5.9687744 | Q15: 43.3098 | S15: 41.7265 | T15: 44.90689 | U15: 0.8114793 | V15: 1.8736621 | X15: 51.81231 | Z15: 50.20502 | AA15: 53.41586 | AB15: 0.8192605 | AC15: 1.5812082
B16: 2016 | C16: 3.270615 | E16: 2.833751 | F16: 3.772213 | G16: 0.2386645 | H16: 7.2972361 | J16: 4.821153 | L16: 4.269492 | M16: 5.440044 | N16: 0.2979844 | O16: 6.1807705 | Q16: 41.38157 | S16: 39.92178 | T16: 42.85666 | U16: 0.748797 | V16: 1.8094939 | X16: 54.74615 | Z16: 53.25356 | AA16: 56.23025 | AB16: 0.7594725 | AC16: 1.3872619
B17: 2017 | C17: 3.58 | E17: 3.29 | F17: 3.89 | G17: 0.15 | H17: 4.1899441 | J17: 5.39 | L17: 5.03 | M17: 5.77 | N17: 0.19 | O17: 3.5250464 | Q17: 43.19 | S17: 42.29 | T17: 44.1 | U17: 0.46 | V17: 1.0650614 | X17: 51.67 | Z17: 50.75 | AA17: 52.58 | AB17: 0.47 | AC17: 0.90961873
A19: Data were age-standardised to the 2011 Victorian population.
A20: LL/UL 95% CI = lower/upper limit of 95 per cent confidence interval.
A21: Estimates that are (statistically) significantly different from the corresponding estimate for 2015 are identified by colour as follows: above or below.
A22: Estimates may not add to 100 per cent due to a proportion of 'don't know' or 'refused to say' responses, not reported here.
A23: Relative standard error (RSE) = standard error / point estimate * 100; interpretation below:
A24: * | B24: RSE between 25 and 50 per cent; point estimate (%) should be interpreted with caution.
A25: ** | B25: RSE greater than, or equal to, 50 per cent; point estimate (%) is unreliable, hence not reported.
A26: a | B26: NHMRC (2013) guidelines.
A27: b | B27: Includes those meeting both guidelines.
A28: Corresponding estimates are significantly (statistically) different between years if their 95% CI do NOT overlap.
A30: Return to Index

Sheet Current smoking
A1: Proportion (%) of adult population (18+ years), by smoking status and sex, Victoria, 2015-17
C3: Current smoker | J3: Ex-smoker | Q3: Non-smoker
E4: 95% CI | L4: 95% CI | S4: 95% CI
B5: Year | C5: % | E5: LL | F5: UL | G5: SE | H5: RSE | J5: % | L5: LL | M5: UL | N5: SE | O5: RSE | Q5: % | S5: LL | T5: UL | U5: SE | V5: RSE
A6: Males
B7: 2015 | C7: 22.08058 | E7: 20.20699 | F7: 24.07547 | G7: 0.9867877 | H7: 4.4690298 | J7: 29.40598 | L7: 27.44033 | M7: 31.45141 | N7: 1.023486 | O7: 3.480537 | Q7: 48.1425 | S7: 45.86148 | T7: 50.43128 | U7: 1.166417 | V7: 2.4228426
B8: 2016 | C8: 19.53231 | E8: 17.73922 | F8: 21.45936 | G8: 0.9487556 | H8: 4.8573651 | J8: 29.01434 | L8: 27.19071 | M8: 30.90835 | N8: 0.9485481 | O8: 3.2692389 | Q8: 51.04203 | S8: 48.85116 | T8: 53.22889 | U8: 1.117323 | V8: 2.1890254
B9: 2017 | C9: 20.32 | D9: =IF(H9>=50,"**",(IF(H9>25,IF(H9<50,"*"," ")," "))) | E9: 19.22 | F9: 21.47 | G9: 0.57 | H9: =G9/C9*100 -> 2.8051181 | J9: 27.99 | K9: =IF(O9>=50,"**",(IF(O9>25,IF(O9<50,"*"," ")," "))) | L9: 26.91 | M9: 29.09 | N9: 0.56 | O9: =N9/J9*100 -> 2.0007145 | Q9: 51.08 | R9: =IF(V9>=50,"**",(IF(V9>25,IF(V9<50,"*"," ")," "))) | S9: 49.77 | T9: 52.39 | U9: 0.67 | V9: =U9/Q9*100 -> 1.311668
A10: Females
B11: 2015 | C11: 15.03729 | E11: 13.50425 | F11: 16.71074 | G11: 0.8173694 | H11: 5.4356164 | J11: 23.23789 | L11: 21.49571 | M11: 25.07616 | N11: 0.9133623 | O11: 3.9304872 | Q11: 61.08937 | S11: 58.93024 | T11: 63.20586 | U11: 1.091196 | V11: 1.7862289
B12: 2016 | C12: 14.0768 | E12: 12.64069 | F12: 15.64685 | G12: 0.7662307 | H12: 5.4432165 | J12: 21.53412 | L12: 19.98843 | M12: 23.16472 | N12: 0.8101813 | O12: 3.7623144 | Q12: 63.65784 | S12: 61.70041 | T12: 65.57105 | U12: 0.9877141 | V12: 1.5515985
B13: 2017 | C13: 13.2 | D13: =IF(H13>=50,"**",(IF(H13>25,IF(H13<50,"*"," ")," "))) | E13: 12.35 | F13: 14.09 | G13: 0.44 | H13: =G13/C13*100 -> 3.3333333 | J13: 21.21 | K13: =IF(O13>=50,"**",(IF(O13>25,IF(O13<50,"*"," ")," "))) | L13: 20.28 | M13: 22.18 | N13: 0.49 | O13: =N13/J13*100 -> 2.310231 | Q13: 64.65 | R13: =IF(V13>=50,"**",(IF(V13>25,IF(V13<50,"*"," ")," "))) | S13: 63.47 | T13: 65.81 | U13: 0.6 | V13: =U13/Q13*100 -> 0.92807425
A14: People
B15: 2015 | C15: 18.46183 | E15: 17.23952 | F15: 19.75013 | G15: 0.6403013 | H15: 3.4682439 | J15: 26.27331 | L15: 24.94947 | M15: 27.64153 | N15: 0.6867444 | O15: 2.613848 | Q15: 54.7567 | S15: 53.17614 | T15: 56.32772 | U15: 0.8041279 | V15: 1.468547
B16: 2016 | C16: 16.73487 | E16: 15.5706 | F16: 17.96767 | G16: 0.6112874 | H16: 3.6527765 | J16: 25.0074 | L16: 23.80158 | M16: 26.25325 | N16: 0.6253918 | O16: 2.500827 | Q16: 57.67336 | S16: 56.19295 | T16: 59.14011 | U16: 0.7519327 | V16: 1.3037782
B17: 2017 | C17: 16.74 | D17: =IF(H17>=50,"**",(IF(H17>25,IF(H17<50,"*"," ")," "))) | E17: 16.04 | F17: 17.47 | G17: 0.37 | H17: =G17/C17*100 -> 2.2102748 | J17: 24.39 | K17: =IF(O17>=50,"**",(IF(O17>25,IF(O17<50,"*"," ")," "))) | L17: 23.67 | M17: 25.13 | N17: 0.37 | O17: =N17/J17*100 -> 1.5170152 | Q17: 58.09 | R17: =IF(V17>=50,"**",(IF(V17>25,IF(V17<50,"*"," ")," "))) | S17: 57.19 | T17: 58.98 | U17: 0.46 | V17: =U17/Q17*100 -> 0.79187468
A19: Data were age-standardised to the 2011 Victorian population.
A20: LL/UL 95% CI = lower/upper limit of 95 per cent confidence interval.
A21: Estimates that are (statistically) significantly different from the corresponding estimate for 2015 are identified by colour as follows: above or below.
A22: Estimates may not add to 100 per cent due to a proportion of 'don't know' or 'refused to say' responses, not reported here.
A23: Relative standard error (RSE) = standard error / point estimate * 100; interpretation below:
A24: * | B24: RSE between 25 and 50 per cent; point estimate (%) should be interpreted with caution.
A25: ** | B25: RSE greater than, or equal to, 50 per cent; point estimate (%) is unreliable, hence not reported.
A26: Corresponding estimates are significantly (statistically) different between years if their 95% CI do NOT overlap.
A30: Return to Index

Sheet Daily & occasional smoking
A1: Proportion (%) of adult population (18+ years), by smoking frequency and sex, Victoria, 2015-17
C3: Daily smoker | J3: Occasional smoker
E4: 95% CI | L4: 95% CI
B5: Year | C5: % | E5: LL | F5: UL | G5: SE | H5: RSE | J5: % | L5: LL | M5: UL | N5: SE | O5: RSE
A6: Males
B7: 2015 | C7: 15.4745 | D7: =IF(H7>=50,"**",(IF(H7>25,IF(H7<50,"*"," ")," "))) | E7: 13.84759 | F7: 17.25427 | G7: 0.8684044 | H7: 5.6118414 | J7: 6.606072 | K7: =IF(O7>=50,"**",(IF(O7>25,IF(O7<50,"*"," ")," "))) | L7: 5.495548 | M7: 7.922194 | N7: 0.6164766 | O7: 9.3319691
B8: 2016 | C8: 14.41673 | D8: =IF(H8>=50,"**",(IF(H8>25,IF(H8<50,"*"," ")," "))) | E8: 12.84749 | F8: 16.14215 | G8: 0.8397082 | H8: 5.82454 | J8: 5.115573 | K8: =IF(O8>=50,"**",(IF(O8>25,IF(O8<50,"*"," ")," "))) | L8: 4.141571 | M8: 6.303575 | N8: 0.5482795 | O8: 10.717851
B9: 2017 | C9: 14.74 | D9: =IF(H9>=50,"**",(IF(H9>25,IF(H9<50,"*"," ")," "))) | E9: 13.75 | F9: 15.78 | G9: 0.52 | H9: =G9/C9*100 -> 3.5278155 | J9: 5.59 | K9: =IF(O9>=50,"**",(IF(O9>25,IF(O9<50,"*"," ")," "))) | L9: 4.98 | M9: 6.27 | N9: 0.33 | O9: =N9/J9*100 -> 5.9033989
A10: Females
B11: 2015 | C11: 11.16762 | D11: =IF(H11>=50,"**",(IF(H11>25,IF(H11<50,"*"," ")," "))) | E11: 9.832533 | F11: 12.65855 | G11: 0.7198409 | H11: 6.4457861 | J11: 3.869669 | K11: =IF(O11>=50,"**",(IF(O11>25,IF(O11<50,"*"," ")," "))) | L11: 3.06007 | M11: 4.882673 | N11: 0.4613541 | O11: 11.922314
B12: 2016 | C12: 10.30901 | D12: =IF(H12>=50,"**",(IF(H12>25,IF(H12<50,"*"," ")," "))) | E12: 9.090536 | F12: 11.66985 | G12: 0.6569506 | H12: 6.3725867 | J12: 3.767789 | K12: =IF(O12>=50,"**",(IF(O12>25,IF(O12<50,"*"," ")," "))) | L12: 2.978119 | M12: 4.75658 | N12: 0.4501466 | O12: 11.947235
B13: 2017 | C13: 10.16 | D13: =IF(H13>=50,"**",(IF(H13>25,IF(H13<50,"*"," ")," "))) | E13: 9.41 | F13: 10.96 | G13: 0.39 | H13: =G13/C13*100 -> 3.8385827 | J13: 3.04 | K13: =IF(O13>=50,"**",(IF(O13>25,IF(O13<50,"*"," ")," "))) | L13: 2.62 | M13: 3.52 | N13: 0.23 | O13: =N13/J13*100 -> 7.5657895
A14: People
B15: 2015 | C15: 13.28431 | D15: =IF(H15>=50,"**",(IF(H15>25,IF(H15<50,"*"," ")," "))) | E15: 12.21928 | F15: 14.4269 | G15: 0.5628245 | H15: 4.2367613 | J15: 5.177523 | K15: =IF(O15>=50,"**",(IF(O15>25,IF(O15<50,"*"," ")," "))) | L15: 4.481 | M15: 5.97554 | N15: 0.3801774 | O15: 7.3428433
B16: 2016 | C16: 12.29498 | D16: =IF(H16>=50,"**",(IF(H16>25,IF(H16<50,"*"," ")," "))) | E16: 11.2877 | F16: 13.3786 | G16: 0.533022 | H16: 4.3352816 | J16: 4.439884 | K16: =IF(O16>=50,"**",(IF(O16>25,IF(O16<50,"*"," ")," "))) | L16: 3.791602 | M16: 5.193024 | N16: 0.3562556 | O16: 8.0239844
B17: 2017 | C17: 12.43 | D17: =IF(H17>=50,"**",(IF(H17>25,IF(H17<50,"*"," ")," "))) | E17: 11.8 | F17: 13.08 | G17: 0.32 | H17: =G17/C17*100 -> 2.5744167 | J17: 4.31 | K17: =IF(O17>=50,"**",(IF(O17>25,IF(O17<50,"*"," ")," "))) | L17: 3.94 | M17: 4.73 | N17: 0.2 | O17: =N17/J17*100 -> 4.6403712
A19: Data were age-standardised to the 2011 Victorian population.
A20: LL/UL 95% CI = lower/upper limit of 95 per cent confidence interval.
A21: Estimates that are (statistically) significantly different from the corresponding estimate for Victoria are identified by colour as follows: above or below.
A22: Estimates may not add to 100 per cent due to a proportion of 'don't know' or 'refused to say' responses, not reported here.
A23: Relative standard error (RSE) = standard error / point estimate * 100; interpretation below:
A24: * | B24: RSE between 25 and 50 per cent; point estimate (%) should be interpreted with caution.
A25: ** | B25: RSE greater than, or equal to, 50 per cent; point estimate (%) is unreliable, hence not reported.
A26: Corresponding estimates are significantly (statistically) different between years if their 95% CI do NOT overlap.
A30: Return to Index

Sheet Alcohol lifetime risk
A1: Proportion (%) of adult population (18+ years), by lifetime risk of alcohol-related harmb and sex, Victoria, 2015-17
C3: Abstainer / No longer drinks alcohol | J3: Reduced risk | Q3: Increased risk: either yearly, monthly or weekly
E4: 95% CI | L4: 95% CI | S4: 95% CI
B5: Year | C5: % | E5: LL | F5: UL | G5: SE | H5: RSE | J5: % | L5: LL | M5: UL | N5: SE | O5: RSE | Q5: % | S5: LL | T5: UL | U5: SE | V5: RSE
A6: Males
B7: 2015 | C7: 17.53512 | D7: =IF(H7>=50,"**",(IF(H7>25,IF(H7<50,"*"," ")," "))) | E7: 15.82391 | F7: 19.38875 | G7: 0.9089688 | H7: =G7/C7*100 -> 5.1837045 | J7: 12.44785 | K7: =IF(O7>=50,"**",(IF(O7>25,IF(O7<50,"*"," ")," "))) | L7: 10.96047 | M7: 14.10511 | N7: 0.8011345 | O7: =N7/J7*100 -> 6.4359267 | Q7: 67.25012 | R7: =IF(V7>=50,"**",(IF(V7>25,IF(V7<50,"*"," ")," "))) | S7: 65.00655 | T7: 69.41752 | U7: 1.125696 | V7: =U7/Q7*100 -> 1.6738944
B8: 2016 | C8: 17.15416 | D8: =IF(H8>=50,"**",(IF(H8>25,IF(H8<50,"*"," ")," "))) | E8: 15.54662 | F8: 18.89075 | G8: 0.852685 | H8: =G8/C8*100 -> 4.9707185 | J8: 12.3002 | K8: =IF(O8>=50,"**",(IF(O8>25,IF(O8<50,"*"," ")," "))) | L8: 11.01442 | M8: 13.71296 | N8: 0.6876743 | O8: =N8/J8*100 -> 5.5907571 | Q8: 67.71662 | R8: =IF(V8>=50,"**",(IF(V8>25,IF(V8<50,"*"," ")," "))) | S8: 65.66042 | T8: 69.70651 | U8: 1.032477 | V8: =U8/Q8*100 -> 1.5247025
B9: 2017 | C9: 16.84 | D9: =IF(H9>=50,"**",(IF(H9>25,IF(H9<50,"*"," ")," "))) | E9: 15.81 | F9: 17.92 | G9: 0.54 | H9: =G9/C9*100 -> 3.2066508 | J9: 12.02 | K9: =IF(O9>=50,"**",(IF(O9>25,IF(O9<50,"*"," ")," "))) | L9: 11.23 | M9: 12.86 | N9: 0.42 | O9: =N9/J9*100 -> 3.4941764 | Q9: 69.03 | R9: =IF(V9>=50,"**",(IF(V9>25,IF(V9<50,"*"," ")," "))) | S9: 67.78 | T9: 70.26 | U9: 0.63 | V9: =U9/Q9*100 -> 0.91264668
A10: Females
B11: 2015 | C11: 27.18751 | D11: =IF(H11>=50,"**",(IF(H11>25,IF(H11<50,"*"," ")," "))) | E11: 25.24109 | F11: 29.22534 | G11: 1.016571 | H11: =G11/C11*100 -> 3.7391103 | J11: 20.19014 | K11: =IF(O11>=50,"**",(IF(O11>25,IF(O11<50,"*"," ")," "))) | L11: 18.52085 | M11: 21.96931 | N11: 0.8795321 | O11: =N11/J11*100 -> 4.3562457 | Q11: 50.29598 | R11: =IF(V11>=50,"**",(IF(V11>25,IF(V11<50,"*"," ")," "))) | S11: 48.14133 | T11: 52.44953 | U11: 1.099558 | V11: =U11/Q11*100 -> 2.1861747
B12: 2016 | C12: 28.24011 | D12: =IF(H12>=50,"**",(IF(H12>25,IF(H12<50,"*"," ")," "))) | E12: 26.42879 | F12: 30.12473 | G12: 0.9429878 | H12: =G12/C12*100 -> 3.3391789 | J12: 21.91695 | K12: =IF(O12>=50,"**",(IF(O12>25,IF(O12<50,"*"," ")," "))) | L12: 20.36571 | M12: 23.5514 | N12: 0.812593 | O12: =N12/J12*100 -> 3.7076007 | Q12: 48.61401 | R12: =IF(V12>=50,"**",(IF(V12>25,IF(V12<50,"*"," ")," "))) | S12: 46.64501 | T12: 50.58731 | U12: 1.006067 | V12: =U12/Q12*100 -> 2.0695001
B13: 2017 | C13: 26.4 | D13: =IF(H13>=50,"**",(IF(H13>25,IF(H13<50,"*"," ")," "))) | E13: 25.23 | F13: 27.59 | G13: 0.6 | H13: =G13/C13*100 -> 2.2727273 | J13: 21.01 | K13: =IF(O13>=50,"**",(IF(O13>25,IF(O13<50,"*"," ")," "))) | L13: 20.04 | M13: 22.02 | N13: 0.51 | O13: =N13/J13*100 -> 2.4274155 | Q13: 50.56 | R13: =IF(V13>=50,"**",(IF(V13>25,IF(V13<50,"*"," ")," "))) | S13: 49.32 | T13: 51.8 | U13: 0.63 | V13: =U13/Q13*100 -> 1.2460443
A14: People
B15: 2015 | C15: 22.44769 | D15: =IF(H15>=50,"**",(IF(H15>25,IF(H15<50,"*"," ")," "))) | E15: 21.12213 | F15: 23.8313 | G15: 0.6910519 | H15: =G15/C15*100 -> 3.0784989 | J15: 16.37906 | K15: =IF(O15>=50,"**",(IF(O15>25,IF(O15<50,"*"," ")," "))) | L15: 15.23941 | M15: 17.58626 | N15: 0.5984724 | O15: =N15/J15*100 -> 3.6538873 | Q15: 58.61355 | R15: =IF(V15>=50,"**",(IF(V15>25,IF(V15<50,"*"," ")," "))) | S15: 57.0335 | T15: 60.17608 | U15: 0.801822 | V15: =U15/Q15*100 -> 1.3679806
B16: 2016 | C16: 22.90423 | D16: =IF(H16>=50,"**",(IF(H16>25,IF(H16<50,"*"," ")," "))) | E16: 21.66242 | F16: 24.19524 | G16: 0.6460683 | H16: =G16/C16*100 -> 2.8207379 | J16: 17.33061 | K16: =IF(O16>=50,"**",(IF(O16>25,IF(O16<50,"*"," ")," "))) | L16: 16.29939 | M16: 18.41271 | N16: 0.5389682 | O16: =N16/J16*100 -> 3.1099205 | Q16: 57.7463 | R16: =IF(V16>=50,"**",(IF(V16>25,IF(V16<50,"*"," ")," "))) | S16: 56.29213 | T16: 59.18718 | U16: 0.7386291 | V16: =U16/Q16*100 -> 1.2790934
B17: 2017 | C17: 21.79 | D17: =IF(H17>=50,"**",(IF(H17>25,IF(H17<50,"*"," ")," "))) | E17: 21 | F17: 22.6 | G17: 0.41 | H17: =G17/C17*100 -> 1.8815971 | J17: 16.65 | K17: =IF(O17>=50,"**",(IF(O17>25,IF(O17<50,"*"," ")," "))) | L17: 16.01 | M17: 17.31 | N17: 0.33 | O17: =N17/J17*100 -> 1.981982 | Q17: 59.49 | R17: =IF(V17>=50,"**",(IF(V17>25,IF(V17<50,"*"," ")," "))) | S17: 58.59 | T17: 60.38 | U17: 0.46 | V17: =U17/Q17*100 -> 0.7732392
A19: Data were age-standardised to the 2011 Victorian population.
A20: LL/UL 95% CI = lower/upper limit of 95 per cent confidence interval.
A21: Estimates that are (statistically) significantly different from the corresponding estimate for Victoria are identified by colour as follows: above or below.
A22: Estimates may not add to 100 per cent due to a proportion of 'don't know' or 'refused to say' responses, not reported here.
A23: Relative standard error (RSE) = standard error / point estimate * 100; interpretation below:
A24: * | B24: RSE between 25 and 50 per cent; point estimate (%) should be interpreted with caution.
A25: ** | B25: RSE greater than, or equal to, 50 per cent; point estimate (%) is unreliable, hence not reported.
A26: aNHMRC (2009) guidelines.
A27: Corresponding estimates are significantly (statistically) different between years if their 95% CI do NOT overlap.
A30: Return to Index

Sheet Alcohol injury risk
A1: Proportion (%) of adult population (18+ years), by risk of alcohol-related injury from a single occasion of drinkinga and sex, Victoria, 2015-17
C3: Abstainer / No longer drinks alcohol | J3: Reduced risk | Q3: Increased risk: either yearly, monthly or weekly
E4: 95% CI | L4: 95% CI | S4: 95% CI
B5: Year | C5: % | E5: LL | F5: UL | G5: SE | H5: RSE | J5: % | L5: LL | M5: UL | N5: SE | O5: RSE | Q5: % | S5: LL | T5: UL | U5: SE | V5: RSE
A6: Males
B7: 2015 | C7: 17.53512 | E7: 15.82391 | F7: 19.38875 | G7: 0.9089688 | H7: 5.1837045 | J7: 27.06938 | L7: 25.08438 | M7: 29.15034 | N7: 1.03743 | O7: 3.8324853 | Q7: 53.27602 | S7: 51.02402 | T7: 55.51474 | U7: 1.1462 | V7: 2.151437
B8: 2016 | C8: 17.15416 | D8: =IF(H8>=50,"**",(IF(H8>25,IF(H8<50,"*"," ")," "))) | E8: 15.54662 | F8: 18.89075 | G8: 0.852685 | H8: =G8/C8*100 -> 4.9707185 | J8: 27.80397 | K8: =IF(O8>=50,"**",(IF(O8>25,IF(O8<50,"*"," ")," "))) | L8: 25.96175 | M8: 29.72443 | N8: 0.9600195 | O8: =N8/J8*100 -> 3.4528145 | Q8: 53.42024 | R8: =IF(V8>=50,"**",(IF(V8>25,IF(V8<50,"*"," ")," "))) | S8: 51.25361 | T8: 55.57405 | U8: 1.102681 | V8: =U8/Q8*100 -> 2.0641633
B9: 2017 | C9: 16.84 | D9: =IF(H9>=50,"**",(IF(H9>25,IF(H9<50,"*"," ")," "))) | E9: 15.81 | F9: 17.92 | G9: 0.54 | H9: =G9/C9*100 -> 3.2066508 | J9: 27.29 | K9: =IF(O9>=50,"**",(IF(O9>25,IF(O9<50,"*"," ")," "))) | L9: 26.2 | M9: 28.42 | N9: 0.57 | O9: =N9/J9*100 -> 2.0886772 | Q9: 54.25 | R9: =IF(V9>=50,"**",(IF(V9>25,IF(V9<50,"*"," ")," "))) | S9: 52.97 | T9: 55.53 | U9: 0.65 | V9: =U9/Q9*100 -> 1.1981567
A10: Females
B11: 2015 | C11: 27.18751 | E11: 25.24109 | F11: 29.22534 | G11: 1.016571 | H11: 3.7391103 | J11: 38.24328 | L11: 36.19925 | M11: 40.32977 | N11: 1.054118 | O11: 2.7563483 | Q11: 33.52395 | S11: 31.57841 | T11: 35.52711 | U11: 1.007628 | V11: 3.0056959
B12: 2016 | C12: 28.24011 | D12: =IF(H12>=50,"**",(IF(H12>25,IF(H12<50,"*"," ")," "))) | E12: 26.42879 | F12: 30.12473 | G12: 0.9429878 | H12: =G12/C12*100 -> 3.3391789 | J12: 39.76253 | K12: =IF(O12>=50,"**",(IF(O12>25,IF(O12<50,"*"," ")," "))) | L12: 37.88869 | M12: 41.66686 | N12: 0.9641177 | O12: =N12/J12*100 -> 2.424689 | Q12: 31.01559 | R12: =IF(V12>=50,"**",(IF(V12>25,IF(V12<50,"*"," ")," "))) | S12: 29.20196 | T12: 32.88952 | U12: 0.940901 | V12: =U12/Q12*100 -> 3.0336389
B13: 2017 | C13: 26.4 | D13: =IF(H13>=50,"**",(IF(H13>25,IF(H13<50,"*"," ")," "))) | E13: 25.23 | F13: 27.59 | G13: 0.6 | H13: =G13/C13*100 -> 2.2727273 | J13: 40.02 | K13: =IF(O13>=50,"**",(IF(O13>25,IF(O13<50,"*"," ")," "))) | L13: 38.81 | M13: 41.24 | N13: 0.62 | O13: =N13/J13*100 -> 1.5492254 | Q13: 32.24 | R13: =IF(V13>=50,"**",(IF(V13>25,IF(V13<50,"*"," ")," "))) | S13: 31.09 | T13: 33.41 | U13: 0.59 | V13: =U13/Q13*100 -> 1.8300248
A14: People
B15: 2015 | C15: 22.44769 | E15: 21.12213 | F15: 23.8313 | G15: 0.6910519 | H15: 3.0784989 | J15: 32.7366 | L15: 31.29081 | M15: 34.21592 | N15: 0.7462735 | O15: 2.2796304 | Q15: 43.22499 | S15: 41.70926 | T15: 44.75352 | U15: 0.7767241 | V15: 1.796933
B16: 2016 | C16: 22.90423 | D16: =IF(H16>=50,"**",(IF(H16>25,IF(H16<50,"*"," ")," "))) | E16: 21.66242 | F16: 24.19524 | G16: 0.6460683 | H16: =G16/C16*100 -> 2.8207379 | J16: 34.0118 | K16: =IF(O16>=50,"**",(IF(O16>25,IF(O16<50,"*"," ")," "))) | L16: 32.67857 | M16: 35.37084 | N16: 0.6868501 | O16: =N16/J16*100 -> 2.0194465 | Q16: 41.79512 | R16: =IF(V16>=50,"**",(IF(V16>25,IF(V16<50,"*"," ")," "))) | S16: 40.3456 | T16: 43.25896 | U16: 0.7433028 | V16: =U16/Q16*100 -> 1.778444
B17: 2017 | C17: 21.79 | D17: =IF(H17>=50,"**",(IF(H17>25,IF(H17<50,"*"," ")," "))) | E17: 21 | F17: 22.6 | G17: 0.41 | H17: =G17/C17*100 -> 1.8815971 | J17: 33.75 | K17: =IF(O17>=50,"**",(IF(O17>25,IF(O17<50,"*"," ")," "))) | L17: 32.92 | M17: 34.58 | N17: 0.42 | O17: =N17/J17*100 -> 1.2444444 | Q17: 42.99 | R17: =IF(V17>=50,"**",(IF(V17>25,IF(V17<50,"*"," ")," "))) | S17: 42.11 | T17: 43.87 | U17: 0.45 | V17: =U17/Q17*100 -> 1.0467551
A19: Data were age-standardised to the 2011 Victorian population.
A20: LL/UL 95% CI = lower/upper limit of 95 per cent confidence interval.
A21: Estimates that are (statistically) significantly different from the corresponding estimate for Victoria are identified by colour as follows: above or below.
A22: Estimates may not add to 100 per cent due to a proportion of 'don't know' or 'refused to say' responses, not reported here.
A23: Relative standard error (RSE) = standard error / point estimate * 100; interpretation below:
A24: * | B24: RSE between 25 and 50 per cent; point estimate (%) should be interpreted with caution.
A25: ** | B25: RSE greater than, or equal to, 50 per cent; point estimate (%) is unreliable, hence not reported.
A26: a | B26: NHMRC (2009) guidelines.
A27: Corresponding estimates are significantly (statistically) different between years if their 95% CI do NOT overlap.
A30: Return to Index

Sheet Self-reported health
A1: Proportion (%) of adult population (18+ years), by self-reported health status and sex, Victoria, 2015-17
C3: Self-reported health status
C4: Excellent / very good | J4: Good | Q4: Fair/poor
E5: 95% CI | L5: 95% CI | S5: 95% CI
B6: Year | C6: % | E6: LL | F6: UL | G6: SE | H6: RSE | J6: % | L6: LL | M6: UL | N6: SE | O6: RSE | Q6: % | S6: LL | T6: UL | U6: SE | V6: RSE
A7: Males
B8: 2015 | C8: 39.87045 | D8: =IF(H8>=50,"**",(IF(H8>25,IF(H8<50,"*"," ")," "))) | E8: 37.6061 | F8: 42.17897 | G8: 1.167162 | H8: =G8/C8*100 -> 2.9273861 | J8: 38.84077 | K8: =IF(O8>=50,"**",(IF(O8>25,IF(O8<50,"*"," ")," "))) | L8: 36.59458 | M8: 41.13539 | N8: 1.158959 | O8: =N8/J8*100 -> 2.9838724 | Q8: 20.70309 | R8: =IF(V8>=50,"**",(IF(V8>25,IF(V8<50,"*"," ")," "))) | S8: 18.84019 | T8: 22.69867 | U8: 0.9841381 | V8: =U8/Q8*100 -> 4.7535807
B9: 2016 | C9: 42.29949 | D9: =IF(H9>=50,"**",(IF(H9>25,IF(H9<50,"*"," ")," "))) | E9: 40.10991 | F9: 44.51975 | G9: 1.125511 | H9: =G9/C9*100 -> 2.6608146 | J9: 38.18219 | K9: =IF(O9>=50,"**",(IF(O9>25,IF(O9<50,"*"," ")," "))) | L9: 36.04785 | M9: 40.36314 | N9: 1.101322 | O9: =N9/J9*100 -> 2.8843867 | Q9: 18.99069 | R9: =IF(V9>=50,"**",(IF(V9>25,IF(V9<50,"*"," ")," "))) | S9: 17.29298 | T9: 20.81313 | U9: 0.8977186 | V9: =U9/Q9*100 -> 4.727151
B10: 2017 | C10: 41.79275 | D10: =IF(H10>=50,"**",(IF(H10>25,IF(H10<50,"*"," ")," "))) | E10: 40.49657 | F10: 43.10036 | G10: 0.6643663 | H10: =G10/C10*100 -> 1.5896688 | J10: 37.93726 | K10: =IF(O10>=50,"**",(IF(O10>25,IF(O10<50,"*"," ")," "))) | L10: 36.66004 | M10: 39.23142 | N10: 0.6560887 | O10: =N10/J10*100 -> 1.7294045 | Q10: 19.71696 | R10: =IF(V10>=50,"**",(IF(V10>25,IF(V10<50,"*"," ")," "))) | S10: 18.6703 | T10: 20.80728 | U10: 0.5451178 | V10: =U10/Q10*100 -> 2.7647153
A11: Females
B12: 2015 | C12: 42.94217 | D12: =IF(H12>=50,"**",(IF(H12>25,IF(H12<50,"*"," ")," "))) | E12: 40.79992 | F12: 45.11119 | G12: 1.10033 | H12: =G12/C12*100 -> 2.562353 | J12: 36.29878 | K12: =IF(O12>=50,"**",(IF(O12>25,IF(O12<50,"*"," ")," "))) | L12: 34.17889 | M12: 38.47329 | N12: 1.095969 | O12: =N12/J12*100 -> 3.0192998 | Q12: 20.1627 | R12: =IF(V12>=50,"**",(IF(V12>25,IF(V12<50,"*"," ")," "))) | S12: 18.3839 | T12: 22.06709 | U12: 0.9393908 | V12: =U12/Q12*100 -> 4.6590526
B13: 2016 | C13: 45.60927 | D13: =IF(H13>=50,"**",(IF(H13>25,IF(H13<50,"*"," ")," "))) | E13: 43.59503 | F13: 47.63797 | G13: 1.031773 | H13: =G13/C13*100 -> 2.2622002 | J13: 35.32554 | K13: =IF(O13>=50,"**",(IF(O13>25,IF(O13<50,"*"," ")," "))) | L13: 33.38879 | M13: 37.3117 | N13: 1.001058 | O13: =N13/J13*100 -> 2.8338081 | Q13: 18.75185 | R13: =IF(V13>=50,"**",(IF(V13>25,IF(V13<50,"*"," ")," "))) | S13: 17.28878 | T13: 20.30834 | U13: 0.7700801 | V13: =U13/Q13*100 -> 4.1066887
B14: 2017 | C14: 41.46344 | D14: =IF(H14>=50,"**",(IF(H14>25,IF(H14<50,"*"," ")," "))) | E14: 40.22948 | F14: 42.7082 | G14: 0.6324385 | H14: =G14/C14*100 -> 1.5252919 | J14: 37.24813 | K14: =IF(O14>=50,"**",(IF(O14>25,IF(O14<50,"*"," ")," "))) | L14: 35.9851 | M14: 38.5288 | N14: 0.6490208 | O14: =N14/J14*100 -> 1.7424252 | Q14: 20.79119 | R14: =IF(V14>=50,"**",(IF(V14>25,IF(V14<50,"*"," ")," "))) | S14: 19.78017 | T14: 21.83982 | U14: 0.5254073 | V14: =U14/Q14*100 -> 2.527067
A15: People
B16: 2015 | C16: 41.52583 | D16: =IF(H16>=50,"**",(IF(H16>25,IF(H16<50,"*"," ")," "))) | E16: 39.95998 | F16: 43.10898 | G16: 0.8034625 | H16: =G16/C16*100 -> 1.9348499 | J16: 37.51804 | K16: =IF(O16>=50,"**",(IF(O16>25,IF(O16<50,"*"," ")," "))) | L16: 35.96721 | M16: 39.09491 | N16: 0.798014 | O16: =N16/J16*100 -> 2.1270141 | Q16: 20.3634 | R16: =IF(V16>=50,"**",(IF(V16>25,IF(V16<50,"*"," ")," "))) | S16: 19.06647 | T16: 21.72487 | U16: 0.6780507 | V16: =U16/Q16*100 -> 3.3297519
B17: 2016 | C17: 44.06249 | D17: =IF(H17>=50,"**",(IF(H17>25,IF(H17<50,"*"," ")," "))) | E17: 42.575 | F17: 45.56072 | G17: 0.7617766 | H17: =G17/C17*100 -> 1.7288551 | J17: 36.5925 | K17: =IF(O17>=50,"**",(IF(O17>25,IF(O17<50,"*"," ")," "))) | L17: 35.14966 | M17: 38.05981 | N17: 0.7424722 | O17: =N17/J17*100 -> 2.0290284 | Q17: 18.93319 | R17: =IF(V17>=50,"**",(IF(V17>25,IF(V17<50,"*"," ")," "))) | S17: 17.79734 | T17: 20.12379 | U17: 0.5933534 | V17: =U17/Q17*100 -> 3.1339325
B18: 2017 | C18: 41.62525 | D18: =IF(H18>=50,"**",(IF(H18>25,IF(H18<50,"*"," ")," "))) | E18: 40.73207 | F18: 42.52397 | G18: 0.4571567 | H18: =G18/C18*100 -> 1.0982678 | J18: 37.56022 | K18: =IF(O18>=50,"**",(IF(O18>25,IF(O18<50,"*"," ")," "))) | L18: 36.66129 | M18: 38.4678 | N18: 0.4608843 | O18: =N18/J18*100 -> 1.2270543 | Q18: 20.28965 | R18: =IF(V18>=50,"**",(IF(V18>25,IF(V18<50,"*"," ")," "))) | S18: 19.55869 | T18: 21.04079 | U18: 0.3780782 | V18: =U18/Q18*100 -> 1.8634042
A20: Data were age-standardised to the 2011 Victorian population.
A21: LL/UL 95% CI = lower/upper limit of 95 per cent confidence interval.
A22: Estimates that are (statistically) significantly different from the corresponding estimate for 2017 are identified by colour as follows: above or below.
A23: Estimates may not add to 100 per cent due to a proportion of 'don't know' or 'refused to say' responses, not reported here.
A24: Relative standard error (RSE) = standard error / point estimate * 100; interpretation below:
A25: * | B25: RSE between 25 and 50 per cent; point estimate (%) should be interpreted with caution.
A26: ** | B26: RSE greater than, or equal to, 50 per cent; point estimate (%) is unreliable, hence not reported.
A27: Corresponding estimates are significantly (statistically) different between years if their 95% CI do NOT overlap.
A30: Return to Index

Sheet Life satisfaction
A1: Proportion (%) of adult population (18+ years), by life-satisfaction and sex, Victoria, 2015-17
C3: Life statisfaction
C4: Low or medium (0-6) | J4: High (7-8) | Q4: Very high (9-10)
E5: 95% CI | L5: 95% CI | S5: 95% CI
B6: Year | C6: % | E6: LL | F6: UL | G6: SE | H6: RSE | J6: % | L6: LL | M6: UL | N6: SE | O6: RSE | Q6: % | S6: LL | T6: UL | U6: SE | V6: RSE
A7: Males
B8: 2015 | C8: 22.24824 | E8: 20.32543 | F8: 24.29747 | G8: 1.01322 | H8: =G8/C8*100 -> 4.554158 | J8: 51.13148 | L8: 48.7928 | M8: 53.46522 | N8: 1.192647 | O8: =N8/J8*100 -> 2.3325102 | Q8: 25.2559 | S8: 23.32539 | T8: 27.28933 | U8: 1.011316 | V8: =U8/Q8*100 -> 4.0042762
B9: 2016 | C9: 19.97663 | E9: 18.23082 | F9: 21.84495 | G9: 0.9217629 | H9: =G9/C9*100 -> 4.6142062 | J9: 50.31859 | L9: 48.09574 | M9: 52.54018 | N9: 1.134371 | O9: =N9/J9*100 -> 2.2543776 | Q9: 27.81316 | S9: 25.87131 | T9: 29.84209 | U9: 1.01315 | V9: =U9/Q9*100 -> 3.6427001
B10: 2017 | C10: 20.8109 | E10: 19.71085 | F10: 21.95555 | G10: 0.5726141 | H10: =G10/C10*100 -> 2.7515105 | J10: 51.16172 | L10: 49.83658 | M10: 52.48522 | N10: 0.6758206 | O10: =N10/J10*100 -> 1.3209497 | Q10: 26.60047 | S10: 25.47282 | T10: 27.75943 | U10: 0.5833655 | V10: =U10/Q10*100 -> 2.1930646
A11: Females
B12: 2015 | C12: 20.59775 | E12: 18.80148 | F12: 22.51805 | G12: 0.9479355 | H12: =G12/C12*100 -> 4.6021313 | J12: 49.37493 | L12: 47.16142 | M12: 51.59088 | N12: 1.130547 | O12: =N12/J12*100 -> 2.2897187 | Q12: 28.62134 | S12: 26.68619 | T12: 30.63819 | U12: 1.008378 | V12: =U12/Q12*100 -> 3.5231684
B13: 2016 | C13: 20.44826 | E13: 18.82535 | F13: 22.17286 | G13: 0.8537994 | H13: =G13/C13*100 -> 4.1754135 | J13: 49.23252 | L13: 47.209 | M13: 51.25857 | N13: 1.033473 | O13: =N13/J13*100 -> 2.0991674 | Q13: 28.26437 | S13: 26.52406 | T13: 30.07213 | V13: =U13/Q13*100 -> 0
B14: 2017 | C14: 20.05214 | E14: 19.01032 | F14: 21.13614 | G14: 0.5422763 | H14: =G14/C14*100 -> 2.7043313 | J14: 50.78885 | L14: 49.51572 | M14: 52.06095 | N14: 0.6494222 | O14: =N14/J14*100 -> 1.2786708 | Q14: 27.36199 | S14: 26.27069 | T14: 28.48112 | U14: 0.5639327 | V14: =U14/Q14*100 -> 2.0610076
A15: People
B16: 2015 | C16: 21.33917 | E16: 20.01456 | F16: 22.72654 | G16: 0.6917431 | H16: =G16/C16*100 -> 3.2416589 | J16: 50.24705 | L16: 48.63764 | M16: 51.85595 | N16: 0.821167 | O16: =N16/J16*100 -> 1.6342591 | Q16: 27.02115 | S16: 25.63433 | T16: 28.4543 | U16: 0.7193934 | V16: =U16/Q16*100 -> 2.6623345
B17: 2016 | C17: 20.23861 | E17: 19.03158 | F17: 21.50186 | G17: 0.6300644 | H17: =G17/C17*100 -> 3.1131802 | J17: 49.66394 | L17: 48.16122 | M17: 51.16727 | N17: 0.7669705 | O17: =N17/J17*100 -> 1.5443207 | Q17: 28.10262 | S17: 26.79423 | T17: 29.4492 | U17: 0.6772932 | V17: =U17/Q17*100 -> 2.4100714
B18: 2017 | C18: 20.45532 | E18: 19.69321 | F18: 21.23913 | G18: 0.3943577 | H18: =G18/C18*100 -> 1.927898 | J18: 50.92501 | L18: 50.00821 | M18: 51.84119 | N18: 0.4676401 | O18: =N18/J18*100 -> 0.91829162 | Q18: 26.9919 | S18: 26.20535 | T18: 27.79316 | U18: 0.4050681 | V18: =U18/Q18*100 -> 1.5007024
A20: Data were age-standardised to the 2011 Victorian population.
A21: LL/UL 95% CI = lower/upper limit of 95 per cent confidence interval.
A22: Estimates that are (statistically) significantly different from the corresponding estimate for Victoria are identified by colour as follows: above or below.
A23: Estimates may not add to 100 per cent due to a proportion of 'don't know' or 'refused to say' responses, not reported here.
A24: Relative standard error (RSE) = standard error / point estimate * 100; interpretation below:
A25: * | B25: RSE between 25 and 50 per cent; point estimate (%) should be interpreted with caution.
A26: ** | B26: RSE greater than, or equal to, 50 per cent; point estimate (%) is unreliable, hence not reported.
A27: Corresponding estimates are significantly (statistically) different between years if their 95% CI do NOT overlap.
A30: Return to Index

Sheet Life worthwhile
A1: Proportion (%) of adult population (18+ years), by feeling of life being worthwhile and sex, Victoria, 2015-17
C3: Feeling of life being worthwhile
C4: Low or medium (0-6) | J4: High (7-8) | Q4: Very high (9-10)
E5: 95% CI | L5: 95% CI | S5: 95% CI
B6: Year | C6: % | E6: LL | F6: UL | G6: SE | H6: RSE | J6: % | L6: LL | M6: UL | N6: SE | O6: RSE | Q6: % | S6: LL | T6: UL | U6: SE | V6: RSE
A7: Males
B8: 2015 | C8: 20.0129 | E8: 18.14076 | F8: 22.02625 | G8: 0.9909642 | H8: =G8/C8*100 -> 4.9516272 | J8: 47.4278 | L8: 45.14511 | M8: 49.72129 | N8: 1.168042 | O8: =N8/J8*100 -> 2.4627792 | Q8: 28.99677 | S8: 26.96474 | T8: 31.1167 | U8: 1.05945 | V8: =U8/Q8*100 -> 3.6536828
B9: 2016 | C9: 17.80592 | E9: 16.1392 | F9: 19.60452 | G9: 0.8836353 | H9: =G9/C9*100 -> 4.9625928 | J9: 48.65107 | L9: 46.42196 | M9: 50.88557 | N9: 1.13927 | O9: =N9/J9*100 -> 2.3417162 | Q9: 30.22579 | S9: 28.25399 | T9: 32.27329 | U9: 1.025597 | V9: =U9/Q9*100 -> 3.3931189
B10: 2017 | C10: 18.58208 | E10: 17.51315 | F10: 19.70068 | G10: 0.5579879 | H10: =G10/C10*100 -> 3.002828 | J10: 47.31224 | L10: 45.98765 | M10: 48.64062 | N10: 0.6769244 | O10: =N10/J10*100 -> 1.4307596 | Q10: 31.29686 | S10: 30.11918 | T10: 32.49917 | U10: 0.607218 | V10: =U10/Q10*100 -> 1.9401882
A11: Females
B12: 2015 | C12: 17.0104 | E12: 15.35911 | F12: 18.79978 | G12: 0.8772708 | H12: =G12/C12*100 -> 5.1572614 | J12: 45.41582 | L12: 43.22658 | M12: 47.62293 | N12: 1.122079 | O12: =N12/J12*100 -> 2.4706787 | Q12: 34.52234 | S12: 32.47243 | T12: 36.63145 | U12: 1.061361 | V12: =U12/Q12*100 -> 3.0744179
B13: 2016 | C13: 15.16605 | E13: 13.74825 | F13: 16.70175 | G13: 0.7529615 | H13: =G13/C13*100 -> 4.9647832 | J13: 44.12128 | L13: 42.11578 | M13: 46.14615 | N13: 1.028557 | O13: =N13/J13*100 -> 2.3312039 | Q13: 37.48087 | S13: 35.55949 | T13: 39.44253 | U13: 0.9908894 | V13: =U13/Q13*100 -> 2.6437204
B14: 2017 | C14: 14.93442 | E14: 14.00085 | F14: 15.91871 | G14: 0.4891318 | H14: =G14/C14*100 -> 3.2751978 | J14: 45.19041 | L14: 43.92127 | M14: 46.46583 | N14: 0.6492489 | O14: =N14/J14*100 -> 1.4366962 | Q14: 36.53667 | S14: 35.34297 | T14: 37.74714 | U14: 0.6134039 | V14: =U14/Q14*100 -> 1.6788719
A15: People
B16: 2015 | C16: 18.45387 | E16: 17.19644 | F16: 19.78128 | G16: 0.6592287 | H16: =G16/C16*100 -> 3.572306 | J16: 46.39147 | L16: 44.80558 | M16: 47.9847 | N16: 0.8111598 | O16: =N16/J16*100 -> 1.7485107 | Q16: 31.86948 | S16: 30.40661 | T16: 33.36898 | U16: 0.755779 | V16: =U16/Q16*100 -> 2.3714821
B17: 2016 | C17: 16.52493 | E17: 15.4095 | F17: 17.7042 | G17: 0.5851847 | H17: =G17/C17*100 -> 3.5412235 | J17: 46.31905 | L17: 44.81988 | M17: 47.82491 | N17: 0.7667092 | O17: =N17/J17*100 -> 1.6552783 | Q17: 33.89318 | S17: 32.51005 | T17: 35.30437 | U17: 0.7128928 | V17: =U17/Q17*100 -> 2.1033518
B18: 2017 | C18: 16.73133 | E18: 16.017 | F18: 17.47089 | G18: 0.370856 | H18: =G18/C18*100 -> 2.2165363 | J18: 46.17976 | L18: 45.26299 | M18: 47.09913 | N18: 0.4684458 | O18: =N18/J18*100 -> 1.0143964 | Q18: 33.98075 | S18: 33.13942 | T18: 34.8323 | U18: 0.4318855 | V18: =U18/Q18*100 -> 1.2709711
A20: Data were age-standardised to the 2011 Victorian population.
A21: LL/UL 95% CI = lower/upper limit of 95 per cent confidence interval.
A22: Estimates that are (statistically) significantly different from the corresponding estimate for 2017 are identified by colour as follows: above or below.
A23: Estimates may not add to 100 per cent due to a proportion of 'don't know' or 'refused to say' responses, not reported here.
A24: Relative standard error (RSE) = standard error / point estimate * 100; interpretation below:
A25: * | B25: RSE between 25 and 50 per cent; point estimate (%) should be interpreted with caution.
A26: ** | B26: RSE greater than, or equal to, 50 per cent; point estimate (%) is unreliable, hence not reported.
A27: Corresponding estimates are significantly (statistically) different between years if their 95% CI do NOT overlap.
A30: Return to Index

Sheet Psychological distress
A1: Proportion (%) of adult population (18+ years), by level of psychological distressa and sex, Victoria, 2015-17
C3: Level of psychological distressa
C4: Mild (K10 < 16) | J4: Moderate (K10 16–21) | Q4: High / very high (K10 22+)
E5: 95% CI | L5: 95% CI | S5: 95% CI
B6: Year | C6: % | E6: LL | F6: UL | G6: SE | H6: RSE | J6: % | L6: LL | M6: UL | N6: SE | O6: RSE | Q6: % | S6: LL | T6: UL | U6: SE | V6: RSE
A7: Males
B8: 2015 | C8: 51.8265 | E8: 49.48346 | F8: 54.16153 | G8: 1.19409 | H8: 2.3040144 | J8: 26.10746 | L8: 24.08753 | M8: 28.23378 | N8: 1.05789 | O8: 4.0520602 | Q8: 15.13995 | S8: 13.49681 | T8: 16.94396 | U8: 0.8786537 | V8: 5.8035443
B9: 2016 | C9: 56.96711 | E9: 54.7474 | F9: 59.15918 | G9: 1.126009 | H9: 1.9765949 | J9: 23.27845 | L9: 21.43984 | M9: 25.22411 | N9: 0.9653685 | O9: 4.147048 | Q9: 13.24852 | S9: 11.74462 | T9: 14.91245 | U9: 0.8072162 | V9: 6.0928783
B10: 2017 | C10: 58.09 | E10: 56.78 | F10: 59.39 | G10: 0.66 | H10: =G10/C10*100 -> 1.136168 | J10: 23.51 | L10: 22.4 | M10: 24.65 | N10: 0.57 | O10: =N10/J10*100 -> 2.4245002 | Q10: 12.77 | S10: 11.89 | T10: 13.71 | U10: 0.46 | V10: =U10/Q10*100 -> 3.6021926
A11: Females
B12: 2015 | C12: 46.69009 | E12: 44.52378 | F12: 48.86895 | G12: 1.109002 | H12: 2.3752407 | J12: 27.78645 | L12: 25.85115 | M12: 29.80839 | N12: 1.009693 | O12: 3.6337603 | Q12: 19.44039 | S12: 17.71332 | T12: 21.29227 | U12: 0.9127524 | V12: 4.6951342
B13: 2016 | C13: 53.96769 | E13: 51.93965 | F13: 55.98267 | G13: 1.031794 | H13: 1.9118736 | J13: 24.6499 | L13: 22.9167 | M13: 26.46916 | N13: 0.9062699 | O13: 3.6765662 | Q13: 16.47781 | S13: 14.94127 | T13: 18.13867 | U13: 0.8152291 | V13: 4.947436
B14: 2017 | C14: 49.9 | E14: 48.62 | F14: 51.18 | G14: 0.65 | H14: =G14/C14*100 -> 1.3026052 | J14: 25.86 | L14: 24.74 | M14: 27.01 | N14: 0.58 | O14: =N14/J14*100 -> 2.2428461 | Q14: 18.03 | S14: 17 | T14: 19.1 | U14: 0.54 | V14: =U14/Q14*100 -> 2.9950083
A15: People
B16: 2015 | C16: 49.30643 | E16: 47.70743 | F16: 50.90684 | G16: 0.8163425 | H16: 1.6556512 | J16: 26.92126 | L16: 25.51474 | M16: 28.37579 | N16: 0.729874 | O16: 2.7111435 | Q16: 17.27883 | S16: 16.07078 | T16: 18.55762 | U16: 0.6341971 | V16: 3.6703706
B17: 2016 | C17: 55.51971 | E17: 54.01526 | F17: 57.01411 | G17: 0.7651292 | H17: 1.3781218 | J17: 24.01268 | L17: 22.73955 | M17: 25.33372 | N17: 0.6617364 | O17: 2.755779 | Q17: 14.79713 | S17: 13.70663 | T17: 15.95834 | U17: 0.5741502 | V17: 3.8801457
B18: 2017 | C18: 53.89 | E18: 52.97 | F18: 54.81 | G18: 0.47 | H18: =G18/C18*100 -> 0.87214697 | J18: 24.72 | L18: 23.93 | M18: 25.53 | N18: 0.41 | O18: =N18/J18*100 -> 1.6585761 | Q18: 15.43 | S18: 14.75 | T18: 16.14 | U18: 0.36 | V18: =U18/Q18*100 -> 2.3331173
A20: Data were age-standardised to the 2011 Victorian population.
A21: LL/UL 95% CI = lower/upper limit of 95 per cent confidence interval.
A22: Estimates that are (statistically) significantly different from the corresponding estimate for 2015 are identified by colour as follows: above or below.
A23: Estimates may not add to 100 per cent due to a proportion of 'don't know' or 'refused to say' responses, not reported here.
A24: Relative standard error (RSE) = standard error / point estimate * 100; interpretation below:
A25: * | B25: RSE between 25 and 50 per cent; point estimate (%) should be interpreted with caution.
A26: ** | B26: RSE greater than, or equal to, 50 per cent; point estimate (%) is unreliable, hence not reported.
A27: a | B27: Based on the Kessler 10 scale for psychological distress.
A28: Corresponding estimates are significantly (statistically) different between years if their 95% CI do NOT overlap.
A30: Return to Index

Sheet High & v high psych distress
A1: Proportion (%) of adult population (18+ years), with high or very high levels of psychological distressa, by sex, Victoria, 2015-17
C3: Level of psychological distressa
C4: High (K10 22–29) | J4: Very high (K10 30+)
E5: 95% CI | L5: 95% CI
B6: Year | C6: % | E6: LL | F6: UL | G6: SE | H6: RSE | J6: % | L6: LL | M6: UL | N6: SE | O6: RSE
A7: Males
B8: 2015 | C8: 10.0187 | E8: 8.694676 | F8: 11.51891 | G8: 0.7190253 | H8: 7.1768323 | J8: 5.121255 | L8: 4.113669 | M8: 6.359269 | N8: 0.5692351 | O8: 11.115149
B9: 2016 | C9: 9.138558 | E9: 7.884432 | F9: 10.56928 | G9: 0.6833286 | H9: 7.4774226 | J9: 4.109959 | L9: 3.255778 | M9: 5.176252 | N9: 0.486228 | O9: 11.830483
B10: 2017 | C10: 9.07 | E10: 8.32 | F10: 9.89 | G10: 0.4 | H10: =G10/C10*100 -> 4.4101433 | J10: 3.7 | L10: 3.22 | M10: 4.26 | N10: 0.26 | O10: =N10/J10*100 -> 7.027027
A11: Females
B12: 2015 | C12: 13.13529 | E12: 11.67514 | F12: 14.74757 | G12: 0.7829298 | H12: 5.9605064 | J12: 6.305092 | L12: 5.254762 | M12: 7.548638 | N12: 0.5827491 | O12: 9.2425154
B13: 2016 | C13: 10.75053 | E13: 9.502392 | F13: 12.14062 | G13: 0.6720282 | H13: 6.2511169 | J13: 5.727275 | L13: 4.757033 | M13: 6.88111 | N13: 0.5394494 | O13: 9.418954
B14: 2017 | C14: 12.02 | E14: 11.16 | F14: 12.93 | G14: 0.45 | H14: =G14/C14*100 -> 3.7437604 | J14: 6.01 | L14: 5.36 | M14: 6.72 | N14: 0.35 | O14: =N14/J14*100 -> 5.8236273
A15: People
B16: 2015 | C16: 11.58949 | E16: 10.58349 | F16: 12.67755 | G16: 0.533768 | H16: 4.6056211 | J16: 5.689348 | L16: 4.946346 | M16: 6.536282 | N16: 0.4045413 | O16: 7.1105037
B17: 2016 | C17: 9.893782 | E17: 8.994573 | F17: 10.87215 | G17: 0.4784946 | H17: 4.8363164 | J17: 4.903347 | L17: 4.240191 | M17: 5.664085 | N17: 0.3621789 | O17: 7.3863608
B18: 2017 | C18: 10.57 | E18: 9.99 | F18: 11.18 | G18: 0.3 | H18: =G18/C18*100 -> 2.8382214 | J18: 4.86 | L18: 4.45 | M18: 5.31 | N18: 0.22 | O18: =N18/J18*100 -> 4.526749
A20: Data were age-standardised to the 2011 Victorian population.
A21: LL/UL 95% CI = lower/upper limit of 95 per cent confidence interval.
A22: Estimates that are (statistically) significantly different from the corresponding estimate for Victoria are identified by colour as follows: above or below.
A23: Estimates may not add to 100 per cent due to a proportion of 'don't know' or 'refused to say' responses, not reported here.
A24: Relative standard error (RSE) = standard error / point estimate * 100; interpretation below:
A25: * | B25: RSE between 25 and 50 per cent; point estimate (%) should be interpreted with caution.
A26: ** | B26: RSE greater than, or equal to, 50 per cent; point estimate (%) is unreliable, hence not reported.
A27: a | B27: Based on the Kessler 10 scale for psychological distress.
A28: Corresponding estimates are significantly (statistically) different between years if their 95% CI do NOT overlap.
A30: Return to Index

Sheet High blood pressure
A1: Proportion (%) of adult population (18+ years), diagnosed with high blood pressure ever, by sex, Victoria, 2015-17
C3: High blood pressure
E4: 95% CI
B5: Year | C5: % | E5: LL | F5: UL | G5: SE | H5: RSE
A6: Males
B7: 2015 | C7: 27.61664 | D7: =IF(H7>=50,"**",(IF(H7>25,IF(H7<50,"*"," ")," "))) | E7: 25.77518 | F7: 29.5373 | G7: 0.9598721 | H7: =G7/C7*100 -> 3.475702
B8: 2016 | C8: 27.27559 | D8: =IF(H8>=50,"**",(IF(H8>25,IF(H8<50,"*"," ")," "))) | E8: 25.5874 | F8: 29.0317 | G8: 0.8787326 | H8: =G8/C8*100 -> 3.2216814
B9: 2017 | C9: 27.33 | D9: =IF(H9>=50,"**",(IF(H9>25,IF(H9<50,"*"," ")," "))) | E9: 26.31 | F9: 28.38 | G9: 0.53 | H9: =G9/C9*100 -> 1.9392609
A10: Femalesa
B11: 2015 | C11: 23.63249 | D11: =IF(H11>=50,"**",(IF(H11>25,IF(H11<50,"*"," ")," "))) | E11: 22.07855 | F11: 25.26035 | G11: 0.8116573 | H11: =G11/C11*100 -> 3.4344976
B12: 2016 | C12: 23.95875 | D12: =IF(H12>=50,"**",(IF(H12>25,IF(H12<50,"*"," ")," "))) | E12: 22.58598 | F12: 25.38759 | G12: 0.7146602 | H12: =G12/C12*100 -> 2.9828777
B13: 2017 | C13: 23.52 | D13: =IF(H13>=50,"**",(IF(H13>25,IF(H13<50,"*"," ")," "))) | E13: 22.64 | F13: 24.42 | G13: 0.46 | H13: =G13/C13*100 -> 1.9557823
A14: People
B15: 2015 | C15: 25.56398 | D15: =IF(H15>=50,"**",(IF(H15>25,IF(H15<50,"*"," ")," "))) | E15: 24.35037 | F15: 26.81665 | G15: 0.6291284 | H15: =G15/C15*100 -> 2.4609955
B16: 2016 | C16: 25.54292 | D16: =IF(H16>=50,"**",(IF(H16>25,IF(H16<50,"*"," ")," "))) | E16: 24.45475 | F16: 26.66243 | G16: 0.5631497 | H16: =G16/C16*100 -> 2.2047194
